Timepoint,X,Y,Z
0:0.1,-0.00201416,-0.0007324219,0.0
0:0.2,0.001708984,0.0004272461,0.0007324219
0:0.3,-0.002380371,-0.001098633,-0.0004272461
0:0.4,0.001220703,6.103516e-05,-0.0006713867
0:0.5,-6.103516e-05,0.0008544922,0.000793457
0:0.6,0.0004272461,-0.001403809,0.0007324219
0:0.7,-0.0008544922,0.001159668,-0.0007324219
0:0.8,0.0005493164,-0.0002441406,0.0002441406
0:0.9,0.0,0.001098633,0.000793457
0:1.0,0.0003662109,-0.001708984,-0.001525879
0:1.1,0.0009155273,0.0001220703,0.0008544922
0:1.2,-0.001342773,0.0006103516,0.001220703
0:1.3,-6.103516e-05,-0.00201416,-0.000793457
0:1.4,-0.001953125,0.001220703,-6.103516e-05
0:1.5,0.0,0.0,0.0
0:1.6,-0.003234863,-0.001342773,0.001037598
0:1.7,0.005737305,0.002929688,-0.007507324
0:1.8,-0.0002441406,-0.0009155273,0.006652832
0:1.9,-6.103516e-05,-0.001342773,0.000793457
0:2.0,-0.002258301,0.001708984,-0.0005493164
0:2.1,0.001159668,-0.0001220703,0.001464844
0:2.2,0.0003662109,-0.001281738,-0.001953125
0:2.3,0.001953125,0.0009765625,0.00177002
0:2.4,-0.002624512,0.0002441406,-0.001647949
0:2.5,0.0007324219,0.0001220703,0.001525879
0:2.6,0.0004882813,6.103516e-05,-0.0006713867
0:2.7,-0.0001220703,-0.001647949,0.0003662109
0:2.8,-0.0008544922,-0.0002441406,-0.002197266
0:2.9,0.0003051758,0.00177002,0.004150391
0:3.0,0.0003051758,-0.0006103516,-0.00177002
0:3.1,-0.0002441406,0.0001220703,0.0003662109
0:3.2,-0.0009155273,-0.001037598,-0.0006103516
0:3.3,0.0007324219,-0.000793457,-0.001464844
0:3.4,-6.103516e-05,0.001831055,0.001831055
0:3.5,0.0,0.0,0.0
0:3.6,-0.004699707,-0.0001220703,0.004882813
0:3.7,0.004272461,-0.004089355,-0.00189209
0:3.8,0.0002441406,0.003112793,-0.00189209
0:3.9,-0.0001220703,-0.001098633,-0.001159668
0:4.0,0.0003051758,-0.0006103516,0.0
0:4.1,-0.002807617,0.001281738,-0.001037598
0:4.2,0.003540039,-0.0001220703,0.000793457
0:4.3,-0.0001220703,0.0006103516,0.0003051758
0:4.4,-0.00177002,-0.0002441406,0.002624512
0:4.5,-6.103516e-05,-0.001098633,-0.00177002
0:4.6,0.000793457,0.001831055,6.103516e-05
0:4.7,-0.0001831055,-0.002258301,0.0
0:4.8,0.0004882813,0.002075195,0.001098633
0:4.9,-0.00177002,0.0002441406,-0.0009155273
0:5.0,0.001464844,-0.0009155273,0.001831055
0:5.1,-0.0003662109,0.0001831055,-0.0007324219
0:5.2,0.0006713867,0.000793457,0.0002441406
0:5.3,0.0001831055,-0.002441406,-0.001708984
0:5.4,0.0001220703,0.0004882813,0.0009765625
0:5.5,-0.0003662109,0.0003662109,0.0006103516
0:5.6,0.0003051758,6.103516e-05,-0.001464844
0:5.7,0.0,0.0,0.0
0:5.8,-0.004577637,-0.004455566,-0.001281738
0:5.9,0.004882813,0.00604248,0.003356934
0:6.0,-0.001281738,-0.002624512,-0.002075195
0:6.1,0.001159668,-0.0005493164,0.001586914
0:6.2,-0.0004272461,0.002319336,0.001037598
0:6.3,-0.0004272461,-0.0009765625,-0.0008544922
0:6.4,0.0002441406,-0.001037598,0.001037598
0:6.5,-0.000793457,0.001831055,6.103516e-05
0:6.6,0.0009765625,-0.0008544922,0.0009155273
0:6.7,0.0003051758,-0.00189209,-0.001403809
0:6.8,-0.001831055,0.001220703,-0.0001831055
0:6.9,0.001037598,0.001525879,-0.0002441406
0:7.0,-0.001342773,-0.0007324219,6.103516e-05
0:7.1,0.001342773,-0.0009155273,0.00189209
0:7.2,0.0004272461,0.0007324219,-0.000793457
0:7.3,-0.001342773,-0.0004272461,-0.0001831055
0:7.4,0.0006713867,-0.0007324219,0.0009765625
0:7.5,0.0002441406,0.001037598,0.0
0:7.6,-0.0003051758,-0.00201416,-0.0006103516
0:7.7,0.0,0.0,-0.003479004
0:7.8,0.003112793,0.0001220703,0.0
0:7.9,-0.00402832,-0.0005493164,0.008483887
0:8.0,-0.0009765625,0.002624512,-0.00378418
0:8.1,0.0007324219,-0.001281738,-0.0008544922
0:8.2,-0.0004272461,-0.0002441406,0.0001831055
0:8.3,0.001831055,0.0004882813,-0.001159668
0:8.4,0.0006103516,0.0001831055,-0.001037598
0:8.5,-0.001281738,-0.001220703,-0.0009155273
0:8.6,0.0004272461,0.0006713867,0.00213623
0:8.7,-0.0006713867,0.000793457,0.003051758
0:8.8,0.0,0.0003051758,-0.002563477
0:8.9,0.0006103516,-0.001159668,0.000793457
0:9.0,-0.0003662109,-0.0009155273,-0.001037598
0:9.1,0.0002441406,-0.0002441406,0.001342773
0:9.2,0.0004882813,0.001403809,-0.0005493164
0:9.3,-0.002258301,-0.0004272461,0.001098633
0:9.4,0.00201416,0.0,-0.000793457
0:9.5,-0.001647949,6.103516e-05,-0.0006713867
0:9.6,0.001647949,-0.0008544922,0.0005493164
0:9.7,-0.002319336,0.0004882813,-0.0006103516
0:9.8,0.0006103516,0.001159668,0.001098633
0:9.9,0.0,0.0,0.0
0:10.0,-0.001953125,-0.002868652,-0.001708984
0:10.1,0.00189209,0.001342773,0.00189209
0:10.2,6.103516e-05,-0.002197266,0.001098633
0:10.3,0.001159668,0.003234863,-0.002624512
0:10.4,-0.0001220703,-0.0002441406,0.002807617
0:10.5,-0.0001220703,-0.000793457,-0.002441406
0:10.6,0.001708984,0.001159668,0.002502441
0:10.7,-0.001098633,-0.002624512,0.0004272461
0:10.8,-0.000793457,0.002075195,-6.103516e-05
0:10.9,-0.0004272461,0.0002441406,0.001098633
0:11.0,-0.001159668,-0.001708984,-0.001037598
0:11.1,0.001281738,-0.0006713867,-0.00189209
0:11.2,0.0003051758,0.0006103516,0.0001831055
0:11.3,0.0001831055,0.0006713867,0.001037598
0:11.4,-0.0005493164,-0.0006713867,-0.00177002
0:11.5,-0.001281738,6.103516e-05,0.0009765625
0:11.6,0.001342773,0.001037598,0.001403809
0:11.7,0.000793457,-0.0006103516,0.002258301
0:11.8,0.0003662109,-0.0006713867,-0.002624512
0:11.9,-0.00201416,0.0005493164,0.0002441406
0:12.0,0.0,0.0,0.0
0:12.1,-0.001586914,-0.0001220703,-0.008728027
0:12.2,0.00189209,0.0001220703,0.009399414
0:12.3,0.0001220703,-0.0003051758,-0.00177002
0:12.4,0.0007324219,-0.0006713867,0.00201416
0:12.5,0.0003662109,0.0006103516,0.001403809
0:12.6,0.0002441406,-0.000793457,0.0
0:12.7,-0.0003662109,0.0005493164,-0.0006713867
0:12.8,-0.001464844,0.000793457,-0.0009155273
0:12.9,-0.001159668,-0.001098633,-6.103516e-05
0:13.0,0.000793457,0.001098633,-0.001159668
0:13.1,0.001220703,-0.0004882813,0.002319336
0:13.2,-0.001098633,-0.0001831055,0.0001831055
0:13.3,-0.001708984,0.001342773,0.0
0:13.4,0.001281738,-0.001098633,0.00177002
0:13.5,-0.0001220703,-0.001831055,-0.002258301
0:13.6,0.002441406,0.001342773,0.001647949
0:13.7,-0.002319336,0.0009155273,-0.0001831055
0:13.8,0.0004882813,-0.0006103516,-0.002563477
0:13.9,-0.0006103516,-0.0004272461,0.002746582
0:14.0,0.0,-0.001647949,-0.001037598
0:14.1,0.002319336,0.0,0.0
0:14.2,-0.0009155273,0.002563477,0.007202148
0:14.3,0.001281738,-0.001403809,-0.00567627
0:14.4,-0.0004882813,0.00213623,-0.003051758
0:14.5,-0.0002441406,-0.002197266,0.0007324219
0:14.6,-0.0005493164,-0.0009155273,0.0002441406
0:14.7,0.002197266,0.001159668,0.003112793
0:14.8,-0.003967285,-0.00189209,-0.004577637
0:14.9,0.0003051758,0.001525879,0.002929688
0:15.0,-0.0002441406,-0.001953125,0.0006713867
0:15.1,-0.0002441406,0.003356934,-0.0001220703
0:15.2,0.001220703,-0.0004882813,-0.001403809
0:15.3,-0.001220703,-0.001098633,-0.0009155273
0:15.4,0.002990723,6.103516e-05,-0.0003662109
0:15.5,-0.00213623,-0.001403809,0.0004272461
0:15.6,0.002624512,0.001342773,0.002563477
0:15.7,-0.002563477,0.00177002,-0.0004272461
0:15.8,0.002380371,-0.002075195,-0.0006103516
0:15.9,-0.001281738,0.0001831055,-0.0008544922
0:16.0,0.001342773,0.0004882813,0.005004883
0:16.1,0.0,-0.0009765625,-0.002624512
0:16.2,0.000793457,0.0,0.0
0:16.3,0.002685547,-0.001098633,0.004272461
0:16.4,-0.005554199,0.001220703,-0.0078125
0:16.5,-0.000793457,0.0003051758,0.001403809
0:16.6,0.0,0.0002441406,0.00378418
0:16.7,0.0004882813,-0.001953125,-0.003356934
0:16.8,-0.0009765625,0.00213623,0.001159668
0:16.9,0.001220703,-0.0009155273,-0.002441406
0:17.0,0.001037598,0.0002441406,0.00201416
0:17.1,-0.00201416,-0.0003051758,0.002746582
0:17.2,-0.000793457,-0.0004272461,-0.001831055
0:17.3,0.0003051758,0.001220703,0.0004882813
0:17.4,0.0,-0.0008544922,0.002502441
0:17.5,0.001403809,0.001037598,-0.002563477
0:17.6,-0.0004272461,-0.001464844,-0.002380371
0:17.7,0.0002441406,0.0005493164,0.000793457
0:17.8,-0.0004882813,0.001525879,0.0008544922
0:17.9,0.001220703,-0.001831055,0.0003051758
0:18.0,-0.0008544922,0.0001220703,0.001037598
0:18.1,0.0004272461,-0.001281738,-0.001098633
0:18.2,0.0,0.0,0.0
0:18.3,0.005187988,0.00177002,-0.0005493164
0:18.4,-0.004638672,0.0003051758,0.0004882813
0:18.5,0.0001831055,-0.0003051758,0.001159668
0:18.6,-0.002319336,-0.0003662109,-0.0002441406
0:18.7,0.0001220703,0.0001831055,-0.0003051758
0:18.8,0.0007324219,0.0009155273,0.0004882813
0:18.9,0.00177002,-0.001647949,0.0006713867
0:19.0,-0.002197266,-0.0005493164,-0.001037598
0:19.1,0.0004882813,0.0009155273,-0.001037598
0:19.2,-0.0006713867,-0.0004882813,-0.0003662109
0:19.3,0.001525879,-0.0006103516,0.0008544922
0:19.4,-0.00201416,0.001586914,0.00177002
0:19.5,0.001464844,-0.002441406,-0.001159668
0:19.6,0.000793457,0.001647949,0.001953125
0:19.7,0.0001220703,-0.001708984,-0.000793457
0:19.8,-0.001037598,0.001220703,0.0006103516
0:19.9,-0.0002441406,0.001281738,-0.0003051758
0:20.0,-0.0009155273,-0.001159668,-0.00189209
0:20.1,0.0001220703,-0.0002441406,0.0003662109
0:20.2,0.001708984,-0.0006713867,-0.0005493164
0:20.3,0.0,0.0009155273,0.0001220703
0:20.4,-0.001159668,0.0,0.0
0:20.5,-0.0001220703,-0.001098633,-0.002624512
0:20.6,-0.0002441406,0.001037598,0.003112793
0:20.7,-6.103516e-05,-0.002197266,6.103516e-05
0:20.8,0.00177002,0.002441406,0.003173828
0:20.9,-0.0008544922,0.0001220703,-0.003540039
0:21.0,0.0008544922,-0.0009765625,0.003051758
0:21.1,-0.0001831055,-0.0003051758,0.000793457
0:21.2,-0.003295898,0.001464844,-0.002868652
0:21.3,0.001403809,-0.001159668,-0.001220703
0:21.4,0.001647949,0.0004272461,0.002319336
0:21.5,0.0005493164,-0.0003051758,0.000793457
0:21.6,-0.0006103516,-0.0009155273,-0.002685547
0:21.7,-0.0002441406,-0.0001831055,0.000793457
0:21.8,-0.002075195,0.002563477,0.000793457
0:21.9,0.001831055,-0.001342773,0.0003051758
0:22.0,-0.0003051758,-0.001525879,-0.001525879
0:22.1,0.0006103516,0.001342773,0.001708984
0:22.2,-0.001281738,0.000793457,-0.0007324219
0:22.3,0.0008544922,-0.0001220703,0.0
0:22.4,0.0,0.0,0.0
0:22.5,0.00177002,0.0007324219,-0.003967285
0:22.6,-0.002685547,-0.002319336,-0.0006103516
0:22.7,0.00201416,-0.0008544922,0.005187988
0:22.8,-0.001403809,0.0004882813,0.0003051758
0:22.9,0.000793457,0.003112793,-0.0004882813
0:23.0,-0.00177002,-0.003356934,0.000793457
0:23.1,0.001098633,0.0004272461,-0.0002441406
0:23.2,0.001281738,-0.0001831055,0.00177002
0:23.3,-0.0008544922,0.002624512,-0.003540039
0:23.4,0.0006103516,-0.0007324219,0.002441406
0:23.5,-0.001403809,-0.0003662109,0.001037598
0:23.6,0.0004272461,-0.0006103516,-0.002502441
0:23.7,0.0004882813,-0.0007324219,0.00201416
0:23.8,-0.0003051758,0.001342773,-0.004821777
0:23.9,-0.0004272461,-0.005126953,0.00604248
0:24.0,-0.0002441406,0.003234863,-0.0007324219
0:24.1,0.008483887,0.00579834,-0.006835938
0:24.2,-0.009887695,-0.004638672,0.003662109
0:24.3,0.002075195,0.002380371,0.004516602
0:24.4,-0.004760742,-0.0009765625,0.006469727
0:24.5,0.007446289,0.0004882813,-0.01196289
0:24.6,0.0003662109,-0.001220703,0.001831055
0:24.7,0.003540039,6.103516e-05,-0.00390625
0:24.8,0.0,0.0,0.0
0:24.9,-0.006958008,0.00177002,0.01324463
0:25.0,0.001159668,-0.003173828,-0.01116943
0:25.1,-0.002075195,-0.001831055,-0.007385254
0:25.2,0.003662109,-0.003295898,0.005737305
0:25.3,-0.0001220703,0.004150391,-0.0111084
0:25.4,0.002868652,0.0006713867,0.01171875
0:25.5,-0.004089355,-0.0006713867,0.00793457
0:25.6,-0.008544922,6.103516e-05,-0.00189209
0:25.7,0.008728027,0.0006103516,0.01287842
0:25.8,-0.0001831055,-0.0009765625,-0.01922607
0:25.9,0.00567627,0.002807617,0.01367188
0:26.0,-0.01422119,-0.007324219,-0.009887695
0:26.1,0.0112915,0.01104736,0.006591797
0:26.2,-0.001525879,-0.006225586,-0.005004883
0:26.3,0.0,0.000793457,-0.008361816
0:26.4,-0.006164551,-0.001403809,-0.002685547
0:26.5,0.004821777,-0.001098633,0.004699707
0:26.6,0.002258301,0.003112793,0.004394531
0:26.7,-0.0100708,-0.003417969,0.001098633
0:26.8,0.0,0.0,-0.004882813
0:26.9,0.002319336,0.0004272461,0.0
0:27.0,-0.003417969,0.003356934,0.01593018
0:27.1,0.007385254,-0.004272461,-0.01385498
0:27.2,-0.001220703,0.001159668,-0.001464844
0:27.3,0.0006713867,0.006591797,0.004638672
0:27.4,-0.003295898,-0.008300781,0.007446289
0:27.5,0.003723145,0.004089355,-0.0168457
0:27.6,-0.00177002,-0.00213623,0.01324463
0:27.7,0.003662109,-0.000793457,-0.00189209
0:27.8,-0.002746582,0.001281738,0.0004272461
0:27.9,0.000793457,0.005615234,0.006652832
0:28.0,0.006408691,-0.005432129,-0.0111084
0:28.1,-0.01501465,0.001037598,0.00769043
0:28.2,0.00982666,0.003173828,-0.01379395
0:28.3,-0.007629395,-0.003845215,0.0135498
0:28.4,0.002563477,-0.00189209,-0.002197266
0:28.5,0.006774902,-0.0004882813,6.103516e-05
0:28.6,0.001159668,0.002258301,0.004455566
0:28.7,-0.0001220703,0.0008544922,-0.01049805
0:28.8,0.0,0.0,0.0199585
0:28.9,0.006774902,0.002441406,0.0
0:29.0,-0.004394531,-0.003234863,-0.02294922
0:29.1,-0.01043701,-0.002563477,0.003967285
0:29.2,0.008300781,0.008239746,0.003051758
0:29.3,0.0001831055,-0.004821777,-0.001708984
0:29.4,-0.001342773,0.001586914,0.00793457
0:29.5,-0.007873535,-0.004882813,-0.008361816
0:29.6,0.003173828,0.002624512,-0.001708984
0:29.7,-0.002075195,-0.001403809,0.006286621
0:29.8,0.0007324219,0.00189209,0.0
0:29.9,0.002441406,-0.0003051758,-0.002807617
0:30.0,-0.001037598,-0.0001831055,-0.000793457
0:30.1,0.00378418,0.004821777,-0.001342773
0:30.2,0.002807617,-0.005615234,-0.01470947
0:30.3,-0.003173828,0.004394531,0.02197266
0:30.4,0.005432129,-0.00390625,0.001953125
0:30.5,-0.006408691,0.0003662109,-0.003540039
0:30.6,-0.005493164,0.003662109,-0.00604248
0:30.7,0.0006713867,0.002746582,0.005249023
0:30.8,0.00201416,-0.003540039,0.004577637
0:30.9,0.002868652,0.0006103516,-0.007873535
0:31.0,0.0,0.0,0.0
0:31.1,-0.001464844,-0.002197266,0.0004272461
0:31.2,0.002258301,0.0002441406,0.001464844
0:31.3,-0.0009765625,-0.0006713867,-0.0009155273
0:31.4,-0.003540039,-0.004333496,-0.0001831055
0:31.5,0.0008544922,0.005432129,0.006835938
0:31.6,-0.003356934,0.007324219,-0.003356934
0:31.7,0.003601074,-0.009521484,-0.007873535
0:31.8,0.0006103516,6.103516e-05,0.006225586
0:31.9,0.00213623,0.002929688,0.01055908
0:32.0,-0.00201416,-0.002868652,-0.01062012
0:32.1,-0.005859375,0.001647949,0.0009155273
0:32.2,0.009216309,0.00201416,-0.00390625
0:32.3,-0.001037598,-0.001708984,0.002075195
0:32.4,-0.000793457,-0.0003662109,0.009521484
0:32.5,0.0003051758,0.001525879,0.001586914
0:32.6,0.003295898,-0.001281738,-0.007019043
0:32.7,-0.007995605,-0.004699707,-0.01019287
0:32.8,-0.004455566,-0.001647949,0.00769043
0:32.9,0.01171875,0.003845215,0.0001831055
0:33.0,0.0,-0.0003662109,0.0009155273
0:33.1,-0.003479004,0.0,0.0
0:33.2,0.0003662109,0.004638672,0.002685547
0:33.3,0.004089355,-0.005310059,-0.007141113
0:33.4,-0.006591797,-0.0004882813,0.0006103516
0:33.5,0.001953125,-0.0002441406,-0.002685547
0:33.6,-0.000793457,0.003295898,0.005004883
0:33.7,-0.002197266,-0.0006713867,0.009643555
0:33.8,0.001525879,0.0008544922,-0.01037598
0:33.9,-0.003723145,6.103516e-05,0.0002441406
0:34.0,0.003234863,-0.003540039,0.001403809
0:34.1,-0.005310059,0.003417969,0.004516602
0:34.2,0.007568359,0.0002441406,-0.009460449
0:34.3,-0.001525879,-0.005432129,0.001586914
0:34.4,0.003417969,0.0009155273,-0.002502441
0:34.5,-0.004150391,0.004394531,-0.003601074
0:34.6,-0.001281738,-0.0005493164,0.01367188
0:34.7,0.001342773,-0.0008544922,-0.008056641
0:34.8,-0.001586914,-0.0004882813,0.01251221
0:34.9,0.005310059,0.002258301,-0.01025391
0:35.0,0.003112793,0.000793457,-0.002746582
0:35.1,-0.008361816,-0.004821777,-0.003417969
0:35.2,0.0,0.0,0.0004882813
0:35.3,0.009216309,-0.001220703,0.0
0:35.4,-0.008361816,0.004882813,0.01843262
0:35.5,0.005554199,0.0009765625,-0.01617432
0:35.6,-0.01318359,-0.0009765625,0.002746582
0:35.7,-0.0004272461,-0.004272461,0.006591797
0:35.8,0.01513672,0.006652832,-0.001037598
0:35.9,-0.003417969,-0.004821777,-0.003417969
0:36.0,-0.004211426,-0.002075195,-0.00604248
0:36.1,-0.006225586,0.006408691,0.002075195
0:36.2,0.01049805,-0.00177002,0.000793457
0:36.3,0.002258301,-0.002929688,0.005432129
0:36.4,-0.002380371,0.00994873,0.003540039
0:36.5,0.002746582,-0.003173828,-0.003417969
0:36.6,-0.002807617,-0.004821777,-0.0008544922
0:36.7,0.001037598,-0.002319336,0.002380371
0:36.8,-0.004394531,0.001403809,-0.002746582
0:36.9,0.008483887,0.005371094,-0.003723145
0:37.0,-0.009216309,-0.004211426,0.0004882813
0:37.1,0.005065918,-0.001525879,0.003540039
0:37.2,-0.001342773,-0.0009155273,-0.003479004
0:37.3,0.0,0.0,0.0
0:37.4,-0.003601074,0.0004272461,0.003112793
0:37.5,0.002746582,-0.003662109,-0.0004272461
0:37.6,0.004211426,0.004638672,-0.003356934
0:37.7,-0.001281738,0.0006103516,0.0001220703
0:37.8,0.002075195,-0.002502441,0.005126953
0:37.9,-0.003967285,0.000793457,-0.007141113
0:38.0,-0.002929688,-0.002319336,0.002197266
0:38.1,0.004272461,0.003967285,-0.003662109
0:38.2,0.01116943,0.005249023,0.01184082
0:38.3,-0.01544189,-0.004089355,-0.01177979
0:38.4,-6.103516e-05,-0.0003662109,0.0123291
0:38.5,0.002319336,0.001159668,-0.01281738
0:38.6,-0.00402832,0.0006103516,0.006896973
0:38.7,0.001037598,-0.0007324219,-0.004455566
0:38.8,0.006286621,-0.002319336,0.001159668
0:38.9,0.00201416,0.001647949,-0.01269531
0:39.0,-0.003601074,-0.0006713867,0.003234863
0:39.1,-0.004821777,-0.00201416,0.007324219
0:39.2,0.003417969,-0.004455566,-0.00769043
0:39.3,0.0,0.0,0.01849365
0:39.4,0.007629395,0.004821777,0.0
0:39.5,-0.009094238,0.001953125,0.00213623
0:39.6,-0.005371094,-0.003601074,-0.0009155273
0:39.7,0.005310059,0.001403809,-0.006164551
0:39.8,-0.003051758,-0.003295898,0.0002441406
0:39.9,0.001159668,0.00378418,-0.008056641
0:40.0,0.01031494,-0.002075195,-0.002197266
0:40.1,-0.009460449,0.002868652,0.001831055
0:40.2,0.004699707,0.004455566,0.01037598
0:40.3,0.005004883,-0.001708984,0.002990723
0:40.4,-0.0006713867,-0.006347656,-0.006286621
0:40.5,-0.007873535,0.007263184,0.002624512
0:40.6,0.01391602,-0.006469727,-0.008605957
0:40.7,-0.008605957,-0.0006713867,-0.006469727
0:40.8,-0.01019287,0.00604248,0.009338379
0:40.9,0.003662109,-0.00402832,-0.006164551
0:41.0,-0.006591797,0.0007324219,0.01971436
0:41.1,0.01153564,0.0003662109,-0.01715088
0:41.2,-0.009399414,-0.004455566,0.004394531
0:41.3,0.001953125,0.006774902,0.008422852
0:41.4,0.0,0.0,-0.0144043
0:41.5,0.002563477,0.0001831055,0.0
0:41.6,0.009338379,-0.002380371,0.005187988
0:41.7,-0.004150391,0.001159668,0.005981445
0:41.8,-0.001831055,0.0003051758,-0.005126953
0:41.9,-0.003417969,-0.002502441,0.001220703
0:42.0,0.006103516,0.007324219,0.004943848
0:42.1,-0.01165771,-0.00567627,-0.00994873
0:42.2,0.01000977,-0.0004272461,0.0009155273
0:42.3,-0.002441406,0.002807617,0.002319336
0:42.4,0.006713867,-0.006164551,0.008056641
0:42.5,-0.0002441406,0.002990723,-0.009460449
0:42.6,-0.005371094,0.0003051758,0.0145874
0:42.7,-0.0005493164,-0.003723145,-0.00958252
0:42.8,0.005615234,0.006713867,0.0008544922
0:42.9,-0.00982666,-0.01043701,-0.004211426
0:43.0,0.007080078,0.01293945,0.005737305
0:43.1,-0.008239746,-0.01092529,-0.01092529
0:43.2,0.0002441406,0.007446289,-0.0005493164
0:43.3,-0.0003051758,-0.0006103516,0.01702881
0:43.4,0.007446289,-0.004821777,-0.01019287
0:43.5,0.0,0.0,0.0
0:43.6,-0.00579834,-0.0006713867,0.004577637
0:43.7,0.005981445,0.004394531,-0.009765625
0:43.8,-6.103516e-05,-0.0003662109,0.004699707
0:43.9,-0.003540039,0.002624512,0.005187988
0:44.0,-0.002502441,-0.005187988,-0.008239746
0:44.1,-0.0007324219,0.00177002,-0.0006713867
0:44.2,0.003662109,0.00177002,0.008605957
0:44.3,-0.003234863,-0.00177002,-0.001831055
0:44.4,0.002929688,0.004089355,0.002563477
0:44.5,0.004882813,-0.002380371,-0.009338379
0:44.6,-0.005371094,-0.002563477,0.0006103516
0:44.7,0.003601074,0.003356934,0.0009765625
0:44.8,-0.003662109,-0.002075195,0.004272461
0:44.9,-0.0007324219,-0.001708984,0.004516602
0:45.0,0.001525879,0.001281738,0.002380371
0:45.1,-0.0004882813,-0.004272461,-0.003234863
0:45.2,0.007507324,0.003479004,-0.005004883
0:45.3,-0.01123047,0.000793457,0.0
0:45.4,0.004882813,0.0004272461,-0.003540039
0:45.5,-0.000793457,0.0006103516,0.008056641
0:45.6,0.0005493164,-0.0009155273,-0.003540039
0:45.7,0.0,0.0,0.0
0:45.8,-0.0009155273,0.003845215,0.001464844
0:45.9,-0.007202148,-0.00567627,-0.005432129
0:46.0,0.01080322,0.003967285,0.004943848
0:46.1,-0.002563477,-0.002685547,0.002380371
0:46.2,-0.0009155273,0.001953125,-0.00402832
0:46.3,0.004943848,0.002685547,-0.000793457
0:46.4,-0.00378418,-0.003662109,0.002807617
0:46.5,0.002502441,0.0006713867,-0.007263184
0:46.6,-0.0001220703,0.0,0.001525879
0:46.7,-0.004089355,-0.00213623,0.01318359
0:46.8,0.0004882813,0.003967285,-0.009887695
0:46.9,0.002502441,-0.002380371,-0.002685547
0:47.0,-0.001037598,0.003295898,0.008605957
0:47.1,-0.0006713867,-0.002441406,-0.001708984
0:47.2,-0.00189209,0.0001220703,-0.004089355
0:47.3,0.0001831055,0.0006713867,0.001281738
0:47.4,0.00378418,-0.001953125,0.001037598
0:47.5,-0.00604248,-0.0001220703,-0.007995605
0:47.6,0.006530762,0.001586914,0.004638672
0:47.7,0.0002441406,0.0,0.00189209
0:47.8,0.0,0.0,0.0
0:47.9,-0.0006713867,-0.002624512,-0.01013184
0:48.0,-0.002807617,0.0008544922,0.01263428
0:48.1,0.002868652,-0.002197266,-0.004760742
0:48.2,-0.003173828,0.004211426,0.0
0:48.3,0.0001220703,0.001037598,-0.003051758
0:48.4,-0.001159668,-0.003356934,0.004821777
0:48.5,-0.001159668,0.002197266,0.01171875
0:48.6,0.005371094,0.003112793,-0.01293945
0:48.7,-0.001403809,-0.00189209,0.004943848
0:48.8,0.00402832,-0.001708984,-0.004943848
0:48.9,-0.007507324,-0.0001220703,0.0003662109
0:49.0,0.004394531,0.003356934,-6.103516e-05
0:49.1,0.00189209,-0.004516602,0.004394531
0:49.2,-0.00970459,-0.0001831055,-0.005187988
0:49.3,0.003540039,0.001586914,0.008605957
0:49.4,0.001281738,-0.001647949,-0.006591797
0:49.5,0.005737305,0.002990723,0.0006103516
0:49.6,-0.001525879,0.001403809,-0.001159668
0:49.7,-0.009460449,-0.005004883,-0.001037598
0:49.8,0.009521484,0.00189209,0.004943848
0:49.9,0.0,0.0,0.0
0:50.0,-0.0007324219,-0.0006103516,0.002807617
0:50.1,-0.003234863,-0.0001831055,-0.006774902
0:50.2,-0.005126953,-0.0002441406,-0.00402832
0:50.3,0.006958008,-0.002319336,0.007080078
0:50.4,0.003417969,0.006774902,-0.003112793
0:50.5,-0.004455566,-0.006774902,0.0005493164
0:50.6,-0.0004272461,0.00213623,0.002807617
0:50.7,-0.001647949,-0.001098633,-0.006347656
0:50.8,0.007751465,0.001037598,0.0003051758
0:50.9,-0.009643555,-0.00390625,0.003173828
0:51.0,0.005310059,0.004455566,-0.002563477
0:51.1,-0.0004882813,-0.001647949,0.005249023
0:51.2,-0.004699707,0.003112793,-0.005371094
0:51.3,-0.001098633,-0.002258301,0.004760742
0:51.4,-0.002075195,-0.00213623,0.001586914
0:51.5,0.009521484,0.001159668,-0.001464844
0:51.6,-0.001037598,0.001403809,0.001403809
0:51.7,-0.0008544922,-6.103516e-05,-0.001281738
0:51.8,6.103516e-05,0.0003662109,-0.005493164
0:51.9,0.0,0.0,0.0
0:52.0,0.002319336,-0.003601074,0.007568359
0:52.1,-0.003540039,0.00390625,0.0004882813
0:52.2,0.005554199,0.0001831055,-0.0001220703
0:52.3,-0.002563477,0.002563477,-0.00213623
0:52.4,-0.003295898,-0.0002441406,0.0001831055
0:52.5,0.00402832,-0.004211426,-0.003662109
0:52.6,0.002502441,0.001281738,-0.0007324219
0:52.7,-0.004455566,-0.003967285,0.002685547
0:52.8,-0.002624512,0.003662109,0.002258301
0:52.9,0.005615234,0.0006103516,0.001708984
0:53.0,-6.103516e-05,-0.0008544922,-0.0078125
0:53.1,-0.00402832,-0.0002441406,0.00970459
0:53.2,-0.002441406,0.0009765625,-0.003723145
0:53.3,0.004272461,0.0001220703,-0.002563477
0:53.4,-0.0008544922,0.001403809,-0.003417969
0:53.5,-0.004455566,-0.003112793,0.002685547
0:53.6,0.0009765625,0.001281738,0.002441406
0:53.7,0.002685547,-6.103516e-05,0.003051758
0:53.8,0.001525879,0.001525879,-0.004882813
0:53.9,0.001403809,0.0005493164,0.003112793
0:54.0,0.0,0.0,0.0
0:54.1,-0.007202148,-0.003173828,-0.004150391
0:54.2,0.005371094,0.004211426,-0.001464844
0:54.3,0.00189209,-0.00390625,-6.103516e-05
0:54.4,-0.002685547,0.0002441406,0.003723145
0:54.5,-0.0007324219,-0.000793457,0.0001220703
0:54.6,0.00189209,-0.0003662109,-0.002502441
0:54.7,0.0002441406,0.002075195,0.002990723
0:54.8,-0.0003662109,0.0004272461,0.0006103516
0:54.9,0.001953125,-0.0005493164,-0.0009155273
0:55.0,-0.002746582,-0.0002441406,0.001464844
0:55.1,-0.002807617,-0.001586914,-0.001098633
0:55.2,0.001586914,0.001220703,0.0001831055
0:55.3,-0.0005493164,-0.0001220703,-0.000793457
0:55.4,-0.0001831055,-0.0004882813,0.0003051758
0:55.5,0.002685547,0.0,-0.00213623
0:55.6,0.001342773,0.001464844,0.00189209
0:55.7,-0.002990723,-0.002075195,-0.001037598
0:55.8,-0.002746582,0.00201416,0.002441406
0:55.9,0.003479004,-0.001098633,-0.0008544922
0:56.0,0.001037598,0.0009765625,-0.001708984
0:56.1,-0.00177002,-0.002502441,0.0009765625
0:56.2,0.0,0.0,0.0
0:56.3,-0.004211426,0.002624512,-0.00402832
0:56.4,0.006713867,0.0004882813,0.003417969
0:56.5,-0.0004882813,-0.001586914,-0.002197266
0:56.6,-0.0006713867,0.0006713867,0.002868652
0:56.7,-0.000793457,-0.001342773,0.0006713867
0:56.8,-0.0009155273,0.0003662109,-0.001098633
0:56.9,0.001708984,0.001220703,0.002746582
0:57.0,0.001953125,-0.0001831055,-0.002563477
0:57.1,-0.00177002,-0.0003051758,-0.0008544922
0:57.2,-0.002685547,-0.0006713867,0.001403809
0:57.3,-0.001098633,0.001953125,0.0
0:57.4,0.000793457,-0.00177002,-0.002868652
0:57.5,0.000793457,-0.0004272461,0.003051758
0:57.6,0.001525879,0.0009155273,0.001403809
0:57.7,-0.001281738,0.0,-0.002807617
0:57.8,0.0,-0.0008544922,-6.103516e-05
0:57.9,0.0003662109,0.0007324219,0.001831055
0:58.0,0.001098633,0.0003051758,-0.002563477
0:58.1,-0.000793457,-0.0004272461,0.002868652
0:58.2,0.0,0.0,0.0
0:58.3,-0.00201416,-0.0006103516,-0.0008544922
0:58.4,0.00213623,0.001098633,-0.0001831055
0:58.5,-0.001037598,-0.000793457,-0.001403809
0:58.6,0.0002441406,0.002258301,0.001708984
0:58.7,0.001037598,-0.001037598,0.0006103516
0:58.8,-0.0006713867,-0.0003662109,-0.0005493164
0:58.9,-0.0006103516,-0.0009155273,-0.001281738
0:59.0,-0.0005493164,0.001342773,-0.001403809
0:59.1,0.002258301,-0.0001831055,0.003540039
0:59.2,-0.001220703,-0.001403809,-0.001342773
0:59.3,0.000793457,0.001037598,0.0005493164
0:59.4,0.001525879,0.0009155273,-0.002929688
0:59.5,-0.0004882813,-0.0009765625,0.003417969
0:59.6,-0.001403809,-0.0009155273,-0.000793457
0:59.7,-0.0002441406,-0.0005493164,-0.001281738
0:59.8,0.001403809,0.002075195,0.0001831055
0:59.9,-0.0006713867,6.103516e-05,0.0003662109
1:0.0,-0.0008544922,-0.001159668,0.002624512
1:0.1,0.0007324219,0.0006103516,-0.002746582
1:0.2,0.0007324219,0.0009155273,0.0006103516
1:0.3,-0.0001220703,-0.0009155273,0.0009765625
1:0.4,0.0,0.0,0.0
1:0.5,0.0001220703,0.0002441406,-0.009033203
1:0.6,-0.001464844,-0.001464844,0.0123291
1:0.7,0.0008544922,-0.0004882813,-0.006530762
1:0.8,-0.002868652,0.001281738,0.003112793
1:0.9,0.001159668,0.0004882813,-0.0006103516
1:1.0,0.00177002,0.001403809,-0.001464844
1:1.1,0.0007324219,-0.002868652,0.002075195
1:1.2,6.103516e-05,0.00189209,-0.001037598
1:1.3,-0.001708984,-0.00213623,0.003051758
1:1.4,-0.0004882813,0.002197266,-0.00213623
1:1.5,0.001953125,0.0001220703,0.0002441406
1:1.6,6.103516e-05,-0.000793457,-0.001708984
1:1.7,-0.003479004,0.0003662109,0.0009155273
1:1.8,0.001037598,-0.00189209,0.001403809
1:1.9,0.0009765625,0.0009765625,-0.002929688
1:2.0,0.002380371,0.0002441406,0.001098633
1:2.1,-0.002075195,-0.0001831055,0.001037598
1:2.2,-0.0003051758,-0.0003662109,0.0001831055
1:2.3,0.001708984,0.001342773,-0.001464844
1:2.4,0.0,0.0,0.0003051758
1:2.5,-0.001159668,-0.001647949,0.0
1:2.6,6.103516e-05,0.001159668,-0.002746582
1:2.7,-0.0006103516,-0.001281738,0.003112793
1:2.8,0.0004882813,-0.0002441406,-0.001647949
1:2.9,-0.0006103516,0.001037598,0.001281738
1:3.0,0.0007324219,0.0003662109,-0.0002441406
1:3.1,0.0006103516,0.0004272461,0.00201416
1:3.2,-0.001281738,-0.001281738,-0.001342773
1:3.3,0.0003662109,0.0005493164,0.0001831055
1:3.4,-0.000793457,-0.0007324219,-0.0003051758
1:3.5,0.0003662109,0.000793457,0.0004882813
1:3.6,0.0001831055,0.0003051758,0.0009155273
1:3.7,-0.0004272461,-0.001098633,-0.00201416
1:3.8,-0.0004882813,0.0001831055,-0.0006713867
1:3.9,0.001098633,0.0008544922,0.002380371
1:4.0,-0.0004272461,-0.001525879,-0.0003051758
1:4.1,0.0001220703,-0.000793457,-0.002624512
1:4.2,0.0009765625,0.001953125,0.002868652
1:4.3,-0.001281738,-0.0004882813,-0.0003662109
1:4.4,0.002258301,-0.0001831055,0.0008544922
1:4.5,-0.002319336,0.0005493164,-0.0002441406
1:4.6,0.0,0.0,0.0
1:4.7,-0.002807617,-0.001220703,0.004699707
1:4.8,0.003967285,0.0009155273,-0.01000977
1:4.9,0.0,-0.0002441406,0.006774902
1:5.0,-0.001159668,-0.0008544922,-0.00213623
1:5.1,-0.000793457,0.001525879,-0.0003662109
1:5.2,0.001159668,0.0004272461,0.0003662109
1:5.3,0.001220703,-0.0006103516,-0.0001831055
1:5.4,-0.001037598,-0.001525879,-0.00177002
1:5.5,-0.0001831055,0.002258301,0.001403809
1:5.6,0.001342773,0.001037598,0.0002441406
1:5.7,-0.001647949,-0.002868652,-0.0005493164
1:5.8,0.001708984,0.0009765625,0.0004272461
1:5.9,-0.001464844,0.0001831055,-0.0008544922
1:6.0,0.0,-0.0004882813,0.0009765625
1:6.1,0.001403809,0.0003051758,0.0009155273
1:6.2,-0.00213623,-0.0009765625,0.0003662109
1:6.3,0.00189209,0.001464844,-0.0006713867
1:6.4,-0.001403809,-0.001647949,-0.0005493164
1:6.5,-0.0003051758,0.001159668,0.0009155273
1:6.6,0.002258301,0.0001831055,-0.0006103516
1:6.7,0.0,0.0,0.004577637
1:6.8,-0.002258301,-0.0001831055,0.0
1:6.9,0.001953125,0.001831055,-0.00793457
1:7.0,0.0009765625,-0.003234863,0.001708984
1:7.1,-0.002441406,0.0006713867,0.002563477
1:7.2,0.001525879,0.0003051758,0.0004882813
1:7.3,-0.001220703,-6.103516e-05,-0.002197266
1:7.4,0.0003051758,0.0009765625,0.0007324219
1:7.5,-0.0008544922,-0.0003051758,0.001464844
1:7.6,0.00201416,-0.0003051758,-0.0008544922
1:7.7,-0.002197266,-0.0003051758,-0.0006713867
1:7.8,0.001098633,-0.0001831055,-6.103516e-05
1:7.9,-0.002563477,-0.0003051758,0.00189209
1:8.0,0.002990723,0.00189209,-0.00378418
1:8.1,-0.001708984,-0.0003051758,0.003112793
1:8.2,0.001098633,6.103516e-05,0.0003051758
1:8.3,0.0004882813,-0.001708984,-0.001708984
1:8.4,-0.0003662109,0.001586914,-0.0001831055
1:8.5,0.001525879,-0.001464844,0.00189209
1:8.6,-0.001037598,0.0001831055,-0.00189209
1:8.7,-0.002685547,-0.0003051758,6.103516e-05
1:8.8,0.0,0.0,0.0
1:8.9,0.001281738,0.003356934,-0.0006103516
1:9.0,0.001647949,-0.003051758,0.003845215
1:9.1,-0.001220703,0.0,-0.003112793
1:9.2,0.002258301,-0.0007324219,0.001525879
1:9.3,-0.001586914,0.001953125,-0.0002441406
1:9.4,6.103516e-05,-0.001098633,-0.001464844
1:9.5,-0.001342773,-0.0006713867,0.001220703
1:9.6,0.0007324219,0.001098633,-0.001525879
1:9.7,0.0001831055,-0.0001220703,-0.0006713867
1:9.8,0.00177002,0.0005493164,0.00378418
1:9.9,-0.001403809,0.0004882813,-0.0009155273
1:10.0,0.001342773,0.0,0.0007324219
1:10.1,-0.001342773,-0.001525879,-0.001708984
1:10.2,0.0002441406,0.0009765625,-0.0003051758
1:10.3,0.0,-0.0009155273,-0.001831055
1:10.4,-0.0006103516,-0.0007324219,0.002319336
1:10.5,0.0002441406,0.001586914,-0.001403809
1:10.6,0.001098633,-0.0001220703,-0.0003662109
1:10.7,-0.004150391,-0.001159668,0.0004272461
1:10.8,0.005126953,0.0008544922,0.001281738
1:10.9,-0.001647949,0.001281738,0.0006103516
1:11.0,0.0,0.0,0.0
1:11.1,-0.00390625,-0.002746582,0.00402832
1:11.2,0.004150391,0.001220703,-0.002990723
1:11.3,-0.001647949,-0.001708984,-0.002685547
1:11.4,0.00213623,0.0001220703,0.0009765625
1:11.5,-0.002502441,0.00189209,0.000793457
1:11.6,0.0,0.0006713867,0.0
1:11.7,0.002197266,0.001037598,0.0006713867
1:11.8,-0.0003051758,-0.001647949,-0.001708984
1:11.9,-0.001281738,0.001281738,-0.002929688
1:12.0,0.001220703,-0.001525879,0.003845215
1:12.1,-0.0003051758,0.001403809,-0.002563477
1:12.2,-0.001708984,-0.001159668,0.0003662109
1:12.3,0.001281738,0.0002441406,0.0004882813
1:12.4,-0.000793457,-0.000793457,-0.0003662109
1:12.5,-0.0001831055,-0.0004272461,0.0005493164
1:12.6,0.001586914,0.0006103516,0.001403809
1:12.7,-0.0006103516,0.001220703,-0.0004882813
1:12.8,-0.0003051758,-0.00177002,-0.002868652
1:12.9,-0.001159668,0.0004882813,0.00390625
1:13.0,0.00213623,-0.0006103516,-0.0003662109
1:13.1,0.0,0.0,0.0
1:13.2,0.001281738,-0.0009155273,-0.00592041
1:13.3,-0.001708984,0.0005493164,0.007568359
1:13.4,0.002258301,0.0006713867,-0.002868652
1:13.5,-0.002380371,0.000793457,0.000793457
1:13.6,-0.0003662109,-0.0006713867,-0.0009765625
1:13.7,-0.0005493164,-6.103516e-05,0.0007324219
1:13.8,0.001708984,0.000793457,-0.0004272461
1:13.9,0.001098633,0.0004882813,-0.0003662109
1:14.0,-0.001953125,0.0006713867,0.0007324219
1:14.1,-0.0009765625,-0.0008544922,-0.0001220703
1:14.2,0.0006103516,-0.001342773,0.0009765625
1:14.3,-0.000793457,0.0003051758,-0.000793457
1:14.4,0.0009765625,0.0005493164,0.002075195
1:14.5,0.0002441406,-0.001098633,-0.001464844
1:14.6,6.103516e-05,0.001159668,-0.0006713867
1:14.7,-0.0005493164,-0.0005493164,-0.0004272461
1:14.8,-0.0002441406,0.001647949,0.0001831055
1:14.9,0.0003662109,-0.003051758,0.0003662109
1:15.0,6.103516e-05,0.001098633,-0.001220703
1:15.1,-0.0003662109,-0.001281738,0.0004882813
1:15.2,0.001220703,0.002929688,0.001342773
1:15.3,-0.001037598,-0.0006103516,-0.0004882813
1:15.4,6.103516e-05,0.0006713867,-0.0004272461
1:15.5,-0.0007324219,-0.0007324219,-0.00189209
1:15.6,0.001159668,-0.0004882813,0.003417969
1:15.7,-0.0008544922,-0.0001220703,-0.00201416
1:15.8,0.002380371,-0.0002441406,0.0009765625
1:15.9,-0.00189209,-0.0009155273,0.00189209
1:16.0,0.001647949,0.00201416,-0.0007324219
1:16.1,6.103516e-05,-0.0007324219,-0.0005493164
1:16.2,-0.001708984,-0.0003662109,-0.0001831055
1:16.3,-0.0001220703,-6.103516e-05,0.001464844
1:16.4,0.001159668,0.0,-0.003540039
1:16.5,-0.002380371,0.0006103516,6.103516e-05
1:16.6,0.002319336,-0.0002441406,0.0006713867
1:16.7,-0.001037598,-0.0004272461,0.0007324219
1:16.8,0.0003051758,0.001220703,0.001403809
1:16.9,0.0006713867,-0.0004882813,-0.001586914
1:17.0,-0.00201416,-0.001281738,0.001098633
1:17.1,0.0008544922,0.001403809,-0.000793457
1:17.2,0.0,-0.0003662109,-0.001525879
1:17.3,0.0006713867,0.0001220703,0.001220703
1:17.4,-6.103516e-05,0.0005493164,-0.001159668
1:17.5,6.103516e-05,-0.001403809,0.002807617
1:17.6,-0.0005493164,0.0003051758,6.103516e-05
1:17.7,-0.0001831055,6.103516e-05,-0.001525879
1:17.8,0.001220703,-0.0003051758,0.0006103516
1:17.9,-0.000793457,0.0004272461,-0.0006713867
1:18.0,-0.0002441406,-0.0002441406,-0.0006713867
1:18.1,0.0007324219,0.0005493164,0.00378418
1:18.2,-0.001342773,-0.0003662109,-0.002319336
1:18.3,0.0002441406,-0.002258301,0.001586914
1:18.4,0.0008544922,0.002563477,0.0007324219
1:18.5,0.0009155273,-0.0008544922,-0.001708984
1:18.6,-0.0005493164,0.0003662109,-0.003051758
1:18.7,-0.001586914,0.0006103516,0.001464844
1:18.8,0.001831055,-0.0004882813,0.0002441406
1:18.9,-0.0003051758,0.0003662109,0.001342773
1:19.0,-0.001281738,-0.001220703,-0.0004272461
1:19.1,0.001098633,0.001708984,0.001525879
1:19.2,-0.0002441406,-0.001098633,-6.103516e-05
1:19.3,-6.103516e-05,-0.0001220703,-0.001647949
1:19.4,0.0009765625,0.00213623,-0.0003051758
1:19.5,-0.001525879,-0.001831055,0.001037598
1:19.6,0.0004272461,0.0004272461,-0.002441406
1:19.7,-0.001159668,0.0002441406,0.0
1:19.8,0.0007324219,-0.001647949,0.001037598
1:19.9,-0.0003662109,0.002929688,0.0006713867
1:20.0,0.002868652,-0.0008544922,-0.0005493164
1:20.1,-0.001525879,-0.0002441406,0.001953125
1:20.2,0.0003662109,-0.001403809,-0.00201416
1:20.3,-0.00201416,-0.0001220703,0.0009155273
1:20.4,-6.103516e-05,0.001708984,0.0007324219
1:20.5,0.0002441406,-0.00177002,-0.003234863
1:20.6,0.002258301,0.001159668,0.0006103516
1:20.7,-0.002685547,-0.001403809,0.003723145
1:20.8,0.0003051758,0.001220703,-0.002868652
1:20.9,-0.0005493164,-0.0009765625,0.0007324219
1:21.0,0.000793457,0.0001220703,-0.001342773
1:21.1,0.00201416,0.0007324219,0.002502441
1:21.2,-0.0006103516,-0.001281738,-0.001464844
1:21.3,-0.0009765625,0.002075195,-0.0003662109
1:21.4,-0.001281738,-0.0009155273,0.0007324219
1:21.5,0.001586914,0.001098633,-0.002197266
1:21.6,0.0003662109,-0.000793457,0.001953125
1:21.7,0.0004272461,-0.0004272461,0.001647949
1:21.8,-0.0004272461,-0.0009155273,-0.001281738
1:21.9,-0.001159668,0.0001220703,0.0004882813
1:22.0,0.0009155273,0.001586914,-0.0004882813
1:22.1,-0.0005493164,-0.0004882813,-0.0001220703
1:22.2,0.00201416,0.001953125,0.0008544922
1:22.3,-0.00213623,-0.002746582,-0.000793457
1:22.4,-6.103516e-05,0.0009155273,0.001098633
1:22.5,0.001220703,0.0001831055,-0.0001831055
1:22.6,0.0005493164,-0.0004882813,0.0002441406
1:22.7,-0.001586914,-0.0001220703,-0.000793457
1:22.8,0.001464844,-0.0003662109,6.103516e-05
1:22.9,0.001831055,0.0002441406,-0.0002441406
1:23.0,-0.002502441,6.103516e-05,-0.001525879
1:23.1,-0.001037598,-0.0003051758,0.001403809
1:23.2,-0.0007324219,0.0003662109,0.001220703
1:23.3,0.001159668,-0.001647949,-0.003967285
1:23.4,0.0006713867,0.002197266,0.003051758
1:23.5,-0.0005493164,-0.0006713867,-0.00177002
1:23.6,-0.0008544922,-0.002563477,0.001525879
1:23.7,0.000793457,0.003479004,0.001464844
1:23.8,0.0008544922,-0.0001831055,-0.001098633
1:23.9,-0.001159668,0.0007324219,-0.0007324219
1:24.0,0.0009765625,-0.001220703,-0.0001220703
1:24.1,-0.0001220703,-0.001464844,0.00201416
1:24.2,0.0001220703,0.001525879,-0.002990723
1:24.3,-0.0004272461,-0.001586914,-0.0005493164
1:24.4,0.0007324219,0.001281738,0.004150391
1:24.5,0.0,0.0002441406,-0.00189209
1:24.6,-0.0004272461,0.001342773,-0.0004272461
1:24.7,-0.001342773,-0.0007324219,0.001220703
1:24.8,0.0004272461,-6.103516e-05,0.001403809
1:24.9,0.0002441406,-0.0009765625,-0.001037598
1:25.0,-0.0003662109,0.0001831055,-0.002624512
1:25.1,0.0009765625,0.0004272461,0.001464844
1:25.2,6.103516e-05,0.0002441406,-0.0001220703
1:25.3,-0.0006713867,-0.0004882813,0.0
1:25.4,-0.0003051758,-0.0001831055,-0.001159668
1:25.5,0.001525879,-0.0002441406,0.001831055
1:25.6,-0.0009765625,-0.0001831055,-0.001159668
1:25.7,0.0009765625,-0.001098633,-0.0003051758
1:25.8,-0.0003662109,0.001464844,-0.002075195
1:25.9,0.0006103516,6.103516e-05,0.003417969
1:26.0,-0.00201416,0.0001220703,-0.001220703
1:26.1,0.001098633,0.0008544922,0.001098633
1:26.2,-0.0006103516,-0.002197266,0.0001220703
1:26.3,0.001098633,0.001220703,-0.001525879
1:26.4,-0.001281738,0.0006713867,0.000793457
1:26.5,0.0001831055,0.001281738,0.002502441
1:26.6,-0.0003662109,-0.002502441,-0.001159668
1:26.7,0.001220703,0.0007324219,-0.0002441406
1:26.8,0.0007324219,-0.001708984,0.001098633
1:26.9,-0.001281738,0.001586914,-0.0009765625
1:27.0,-0.0009155273,-0.0006713867,-0.0009765625
1:27.1,0.002990723,0.001037598,0.000793457
1:27.2,-0.002380371,-0.001647949,0.001037598
1:27.3,-0.001403809,0.0004272461,-0.003417969
1:27.4,0.003417969,-0.0004882813,0.001464844
1:27.5,-0.001464844,0.001831055,0.0002441406
1:27.6,0.0008544922,-0.0006103516,0.002258301
1:27.7,0.0003051758,0.001342773,-0.003479004
1:27.8,-0.001647949,-0.001281738,0.001403809
1:27.9,0.000793457,0.001037598,0.001708984
1:28.0,0.0003051758,-0.000793457,0.001098633
1:28.1,0.0001831055,-0.0009765625,-0.001281738
1:28.2,-0.0005493164,-0.0008544922,-0.00201416
1:28.3,0.001342773,0.00177002,0.002380371
1:28.4,-0.002258301,0.0003662109,-0.002380371
1:28.5,0.0003662109,-0.0001220703,-0.001281738
1:28.6,0.0003051758,-0.00177002,0.002502441
1:28.7,-0.0005493164,0.002380371,-0.001281738
1:28.8,-0.0001831055,-0.001220703,0.002746582
1:28.9,0.001159668,0.000793457,-0.001342773
1:29.0,-0.0005493164,-0.002441406,0.0001831055
1:29.1,0.0003051758,0.00177002,-0.003112793
1:29.2,-0.0004272461,-0.001037598,0.001586914
1:29.3,-0.0006713867,0.0006713867,0.0
1:29.4,0.001220703,0.0005493164,0.0007324219
1:29.5,-0.002197266,0.0002441406,-0.0004272461
1:29.6,0.0002441406,6.103516e-05,-0.001098633
1:29.7,0.001281738,-0.001098633,0.0009765625
1:29.8,-0.00189209,0.0004882813,-0.0001220703
1:29.9,0.00402832,-0.001586914,6.103516e-05
1:30.0,-0.001708984,0.0009155273,-0.0004882813
1:30.1,-0.0004882813,-0.0003051758,0.002380371
1:30.2,0.001403809,0.001342773,-0.003051758
1:30.3,0.0004272461,-0.001342773,-0.0003051758
1:30.4,6.103516e-05,0.001647949,0.00177002
1:30.5,-0.0009155273,-0.0006713867,0.001403809
1:30.6,-0.0008544922,-0.0001220703,-0.00189209
1:30.7,-0.0008544922,-0.0003662109,0.0001220703
1:30.8,0.002746582,0.0001220703,0.0006103516
1:30.9,-0.002868652,-0.001464844,-0.001403809
1:31.0,0.0008544922,0.001464844,0.002258301
1:31.1,0.0007324219,0.0001220703,-0.0004882813
1:31.2,-0.00177002,0.001281738,-0.002502441
1:31.3,0.001586914,-0.001525879,0.001586914
1:31.4,-0.0001220703,0.0007324219,-0.0001831055
1:31.5,-0.0003051758,-0.0004882813,0.004455566
1:31.6,-0.001342773,0.001098633,-0.004394531
1:31.7,0.0003662109,-0.001098633,-0.0007324219
1:31.8,0.0001220703,0.0,0.0005493164
1:31.9,-0.00189209,0.000793457,0.000793457
1:32.0,0.001037598,-0.002258301,-0.0003662109
1:32.1,0.001220703,0.00177002,-0.0003051758
1:32.2,-0.0004272461,0.0006103516,0.0001831055
1:32.3,0.0,-0.0004882813,0.001159668
1:32.4,-0.0003662109,0.0,0.0003662109
1:32.5,-0.002258301,-0.0009765625,-0.001037598
1:32.6,0.003723145,0.0,-0.002624512
1:32.7,-0.003356934,-0.001037598,0.0
1:32.8,0.004455566,0.002441406,0.006530762
1:32.9,-0.002807617,-0.003540039,-0.002319336
1:33.0,0.001708984,0.001220703,0.0
1:33.1,0.001281738,0.002807617,0.003173828
1:33.2,-0.002380371,-0.001464844,-0.00769043
1:33.3,0.002319336,0.001647949,0.00402832
1:33.4,-0.00201416,-0.001831055,0.007141113
1:33.5,0.002990723,-0.0008544922,-0.01367188
1:33.6,-0.004333496,0.001586914,0.008117676
1:33.7,0.003295898,0.0,-0.003295898
1:33.8,0.002441406,-0.0009155273,0.0
1:33.9,-0.005371094,-0.001281738,-0.0006713867
1:34.0,0.001281738,0.00177002,-0.000793457
1:34.1,0.0004272461,0.0,-0.0008544922
1:34.2,-0.00189209,-0.0009765625,0.0
1:34.3,0.003112793,-0.0009765625,0.003112793
1:34.4,0.0001831055,0.003601074,-0.006103516
1:34.5,-0.004821777,-0.001708984,-0.004577637
1:34.6,-0.00213623,-0.002075195,0.009765625
1:34.7,0.006469727,0.003234863,-0.001159668
1:34.8,0.002563477,-0.002563477,-0.002075195
1:34.9,-0.004089355,0.003479004,0.008544922
1:35.0,-0.006774902,-0.001525879,-0.001831055
1:35.1,0.008605957,-0.001464844,-0.004760742
1:35.2,-0.001708984,0.0009155273,0.001586914
1:35.3,0.001464844,0.0,-0.007324219
1:35.4,0.002685547,0.0001831055,0.02380371
1:35.5,-0.006347656,-0.001403809,-0.01751709
1:35.6,-0.001342773,-0.001098633,0.00604248
1:35.7,0.004943848,0.0001831055,-0.005187988
1:35.8,-0.001037598,0.0009765625,-0.001098633
1:35.9,0.001159668,0.001281738,0.002929688
1:36.0,-0.0003051758,0.001342773,0.0004272461
1:36.1,-0.0003051758,-0.002746582,-0.00189209
1:36.2,-6.103516e-05,0.0008544922,0.0004272461
1:36.3,0.0007324219,0.0001220703,0.001525879
1:36.4,-0.0007324219,0.0003662109,0.001037598
1:36.5,0.001831055,-6.103516e-05,-0.002441406
1:36.6,-0.002807617,0.001708984,0.00189209
1:36.7,0.0,-0.002197266,-0.00189209
1:36.8,0.00189209,-0.0004882813,-0.001037598
1:36.9,-0.001647949,0.001525879,0.001586914
1:37.0,0.001281738,-0.0009765625,-0.00189209
1:37.1,-0.001647949,0.0003051758,0.002746582
1:37.2,0.001220703,0.0005493164,-0.002197266
1:37.3,0.0001831055,-0.0004882813,0.002075195
1:37.4,-0.002563477,-0.0007324219,0.0008544922
1:37.5,0.003173828,0.002075195,-0.001098633
1:37.6,-0.001098633,-0.001586914,0.000793457
1:37.7,-0.0008544922,0.0004882813,-0.001464844
1:37.8,0.0007324219,-0.001098633,-0.0004882813
1:37.9,0.0009765625,0.001647949,0.0003662109
1:38.0,-0.0004272461,-6.103516e-05,-0.001525879
1:38.1,-0.001281738,-0.001647949,0.0006103516
1:38.2,0.001525879,0.001586914,-0.0006713867
1:38.3,-0.001647949,-0.002441406,0.002685547
1:38.4,0.001525879,0.001525879,-0.001159668
1:38.5,-6.103516e-05,-0.0007324219,0.001831055
1:38.6,-0.0001831055,0.0003662109,-0.002075195
1:38.7,-0.0002441406,0.001464844,-0.0003051758
1:38.8,-0.0005493164,-0.0008544922,0.00177002
1:38.9,6.103516e-05,-0.002075195,-0.001525879
1:39.0,0.002502441,0.00201416,-0.001647949
1:39.1,-0.003479004,6.103516e-05,0.00189209
1:39.2,0.002075195,-0.0009765625,0.0002441406
1:39.3,-0.002563477,0.0005493164,-0.0003662109
1:39.4,0.002441406,0.0,0.0001220703
1:39.5,0.001159668,-0.0008544922,0.0003662109
1:39.6,-0.001647949,0.0004272461,-0.0003051758
1:39.7,0.0005493164,0.0001831055,0.0009155273
1:39.8,0.000793457,-0.0004882813,-0.002990723
1:39.9,-0.00213623,0.002319336,0.001403809
1:40.0,-0.0001220703,-0.001342773,-0.0004882813
1:40.1,0.0003051758,-0.0003662109,0.001647949
1:40.2,0.003417969,0.001525879,0.0009155273
1:40.3,-0.004089355,-0.003417969,-0.002746582
1:40.4,0.002075195,0.003234863,0.002929688
1:40.5,-0.0001220703,-0.0009155273,-0.00177002
1:40.6,-0.0003051758,-6.103516e-05,0.0006713867
1:40.7,-0.0006103516,-0.001037598,-0.001525879
1:40.8,-0.0003662109,0.0009155273,0.001281738
1:40.9,-0.0009155273,-6.103516e-05,-0.0005493164
1:41.0,0.0009155273,-0.0001220703,0.001525879
1:41.1,0.001586914,0.0001220703,-0.001159668
1:41.2,0.0006713867,0.0004882813,-0.001220703
1:41.3,-0.003234863,-0.001708984,0.001953125
1:41.4,0.001586914,0.001281738,-0.001342773
1:41.5,-0.0001831055,-0.0001831055,0.001464844
1:41.6,-6.103516e-05,-0.0006713867,-0.001037598
1:41.7,6.103516e-05,0.001037598,-0.0009765625
1:41.8,0.0007324219,-0.001403809,0.002319336
1:41.9,-0.00177002,-0.0005493164,-0.0007324219
1:42.0,-0.0009155273,0.002197266,0.0004272461
1:42.1,0.00201416,-0.002319336,-0.0005493164
1:42.2,0.00189209,0.001281738,-0.0006713867
1:42.3,-0.0003051758,-0.001159668,0.001159668
1:42.4,-0.001647949,0.001037598,-0.0001220703
1:42.5,0.0,0.0006713867,-0.000793457
1:42.6,-0.001403809,-0.0002441406,0.0005493164
1:42.7,0.002502441,-0.0003051758,-0.001403809
1:42.8,-0.002197266,0.0004272461,0.0005493164
1:42.9,0.001403809,-0.0002441406,0.002319336
1:43.0,-0.001098633,-0.001586914,-0.001525879
1:43.1,0.0003662109,0.00189209,-0.001708984
1:43.2,-0.001098633,-0.0004272461,0.00213623
1:43.3,0.001831055,0.001403809,-0.001708984
1:43.4,-0.0006103516,-0.001220703,0.0009765625
1:43.5,-0.000793457,0.0,0.001098633
1:43.6,0.001403809,-0.001281738,-0.001342773
1:43.7,-0.0006713867,6.103516e-05,0.0002441406
1:43.8,0.001953125,0.0009765625,0.0001831055
1:43.9,-0.00213623,-0.0005493164,-0.001403809
1:44.0,0.001586914,0.0009155273,0.002319336
1:44.1,-0.002441406,0.0006103516,-0.00213623
1:44.2,0.0007324219,-0.0004272461,0.0004882813
1:44.3,0.002685547,-0.0009765625,0.0003051758
1:44.4,-0.002807617,6.103516e-05,-0.000793457
1:44.5,0.0004272461,6.103516e-05,0.001403809
1:44.6,0.001037598,0.000793457,0.0
1:44.7,0.0002441406,-0.0003662109,-6.103516e-05
1:44.8,-0.002502441,0.0002441406,0.0009155273
1:44.9,0.001403809,-0.000793457,-0.0005493164
1:45.0,0.001464844,6.103516e-05,-0.001586914
1:45.1,-0.001525879,-0.0003662109,0.001098633
1:45.2,0.001098633,-0.0003662109,0.001342773
1:45.3,-0.0009155273,-0.0003662109,-0.0007324219
1:45.4,0.0008544922,0.002563477,-0.002807617
1:45.5,-0.0007324219,-0.002441406,0.002563477
1:45.6,0.0001831055,0.00177002,0.001159668
1:45.7,6.103516e-05,-0.001953125,-0.003601074
1:45.8,-0.001525879,0.0006713867,0.001464844
1:45.9,-0.0006103516,0.0003051758,-0.0001220703
1:46.0,0.002624512,-6.103516e-05,0.0009765625
1:46.1,0.0004882813,0.0003662109,-0.0003051758
1:46.2,-0.001831055,0.0009155273,0.001098633
1:46.3,0.001464844,-0.0001831055,-0.0007324219
1:46.4,0.0004882813,-0.00189209,0.0004272461
1:46.5,0.0,0.0007324219,0.001647949
1:46.6,-0.001403809,0.001159668,-0.00177002
1:46.7,0.0004882813,-0.0001831055,-0.001525879
1:46.8,-0.002075195,-0.0009765625,0.002319336
1:46.9,0.002380371,-6.103516e-05,0.0001220703
1:47.0,-0.001159668,0.001525879,0.0003051758
1:47.1,-0.0001831055,-0.0006713867,-0.0007324219
1:47.2,0.0003051758,-0.0001220703,0.0
1:47.3,0.0009155273,0.001281738,0.0
1:47.4,-0.0004272461,-0.0009155273,-0.001464844
1:47.5,0.0004272461,-0.0008544922,0.001525879
1:47.6,-0.0009155273,-0.0009765625,-0.001159668
1:47.7,-0.0001831055,0.001281738,0.0
1:47.8,-0.0001831055,-0.0004272461,-0.0003051758
1:47.9,0.001098633,0.0,0.001647949
1:48.0,-0.002685547,-0.001586914,-0.002197266
1:48.1,0.001831055,0.00378418,0.003234863
1:48.2,-0.001037598,-0.0006103516,-0.00177002
1:48.3,0.0008544922,-0.002502441,-0.002197266
1:48.4,-6.103516e-05,0.00213623,0.002807617
1:48.5,-0.001159668,-0.001586914,-0.0009765625
1:48.6,0.002502441,0.0006713867,-0.0001220703
1:48.7,0.0001220703,-0.0001220703,0.0008544922
1:48.8,-0.001281738,0.0005493164,0.001647949
1:48.9,0.000793457,-0.0007324219,-0.003479004
1:49.0,-0.001098633,-0.001159668,0.003723145
1:49.1,-0.0002441406,0.0008544922,-0.00213623
1:49.2,0.0005493164,0.0002441406,-0.0009765625
1:49.3,-0.0009155273,0.0,0.00213623
1:49.4,0.001953125,0.0007324219,-0.001831055
1:49.5,-0.001159668,-0.0009155273,0.002502441
1:49.6,-0.0008544922,0.0001220703,-0.0007324219
1:49.7,-0.00177002,-0.0004272461,-0.0004882813
1:49.8,0.003417969,0.001831055,0.0001220703
1:49.9,-0.00189209,-0.0006713867,-0.00213623
1:50.0,0.003417969,-0.001647949,0.001953125
1:50.1,-0.001831055,0.0004882813,-0.0004882813
1:50.2,0.0004882813,0.0005493164,0.002197266
1:50.3,-0.001281738,-0.0006713867,-0.002502441
1:50.4,-0.0002441406,0.0006103516,0.0009155273
1:50.5,0.001037598,0.0001220703,-0.002441406
1:50.6,-0.0001220703,-0.0006713867,0.002624512
1:50.7,0.001342773,0.0009765625,0.000793457
1:50.8,-0.002075195,0.0001831055,-0.000793457
1:50.9,0.0009765625,6.103516e-05,-0.0003051758
1:51.0,0.0003051758,-0.001220703,0.001281738
1:51.1,-0.002624512,0.001647949,0.0001220703
1:51.2,0.003845215,0.0004272461,-0.001953125
1:51.3,-0.00201416,-0.001403809,0.0
1:51.4,0.001342773,0.0001220703,-0.001220703
1:51.5,-0.0001831055,0.0003051758,0.001647949
1:51.6,-0.001220703,-0.001159668,-0.0001831055
1:51.7,6.103516e-05,0.00189209,-0.0003662109
1:51.8,0.001831055,-0.001708984,-0.001281738
1:51.9,0.0002441406,0.0001831055,0.001586914
1:52.0,-0.000793457,0.0006103516,-0.0006103516
1:52.1,-0.0003051758,0.0002441406,0.002746582
1:52.2,-0.001953125,0.0001220703,-0.0004882813
1:52.3,0.003295898,0.0007324219,-0.001281738
1:52.4,-0.002502441,-0.001831055,-0.001464844
1:52.5,-0.001953125,0.0009765625,0.002319336
1:52.6,0.001220703,0.001037598,-0.0003051758
1:52.7,0.0002441406,-0.001159668,-0.0003051758
1:52.8,0.001647949,-0.0001220703,-0.001708984
1:52.9,-0.0007324219,0.000793457,0.003479004
1:53.0,-0.0003662109,-0.001037598,0.0005493164
1:53.1,0.00177002,0.0006103516,-0.005187988
1:53.2,-0.001037598,-0.0001220703,0.001525879
1:53.3,0.0,-0.001159668,0.0004882813
1:53.4,-0.0003051758,0.0002441406,0.002075195
1:53.5,-0.0005493164,-0.0006103516,-0.0002441406
1:53.6,0.0008544922,0.0003051758,-0.0003051758
1:53.7,0.0001831055,0.001037598,0.0006713867
1:53.8,-0.001525879,-0.0009155273,-6.103516e-05
1:53.9,0.0003662109,0.001342773,-0.000793457
1:54.0,0.0001831055,-0.001037598,0.001525879
1:54.1,0.0006713867,0.0001831055,-0.0006103516
1:54.2,-0.0001831055,0.0004272461,-0.0008544922
1:54.3,-0.0003051758,-0.0007324219,-0.001708984
1:54.4,0.0006713867,0.001220703,0.0008544922
1:54.5,-0.002502441,-0.001525879,0.002075195
1:54.6,0.001586914,0.001281738,-0.00213623
1:54.7,0.0001220703,-0.001342773,0.0001220703
1:54.8,0.0005493164,0.0005493164,-0.0004882813
1:54.9,-0.002563477,-0.0002441406,0.0002441406
1:55.0,0.002624512,0.0009765625,0.001647949
1:55.1,0.0003051758,0.001159668,-0.0008544922
1:55.2,-0.0006713867,-0.00201416,-0.0005493164
1:55.3,-0.001281738,0.0002441406,-0.0005493164
1:55.4,0.001220703,-0.0002441406,0.0008544922
1:55.5,0.0006713867,0.001037598,0.001342773
1:55.6,-0.001953125,-0.0005493164,-0.001586914
1:55.7,0.0003662109,-0.001098633,0.00189209
1:55.8,0.001220703,0.002380371,-0.0004882813
1:55.9,0.00177002,-0.000793457,-0.0002441406
1:56.0,-0.002441406,-0.0003662109,-0.000793457
1:56.1,0.0003662109,-0.0006103516,0.001220703
1:56.2,-0.001037598,0.0002441406,0.0006103516
1:56.3,-0.0002441406,-0.001037598,-0.001586914
1:56.4,0.0009155273,-0.0005493164,0.001281738
1:56.5,0.0008544922,0.00177002,-0.001098633
1:56.6,0.0003662109,-0.0002441406,0.002990723
1:56.7,-0.0006103516,0.0002441406,-0.00177002
1:56.8,-0.001464844,-0.001708984,-0.002746582
1:56.9,0.0007324219,0.0003051758,0.002197266
1:57.0,0.0008544922,0.0003051758,-0.003845215
1:57.1,0.0006103516,-0.0001831055,0.002502441
1:57.2,-0.001037598,0.001037598,-0.0003051758
1:57.3,0.0006713867,0.0003662109,0.001037598
1:57.4,-0.00189209,-0.001037598,-0.000793457
1:57.5,0.001525879,0.001098633,0.0004272461
1:57.6,-0.0006713867,-0.0007324219,0.0008544922
1:57.7,-0.001281738,0.001159668,-0.0001831055
1:57.8,0.0001831055,-0.00213623,-6.103516e-05
1:57.9,0.0007324219,0.001403809,0.0009765625
1:58.0,0.0009155273,0.001647949,-0.001708984
1:58.1,-0.002380371,-0.001281738,0.001403809
1:58.2,0.001281738,-0.0009765625,-0.001342773
1:58.3,0.0,0.0,0.0008544922
1:58.4,0.0004272461,0.0005493164,0.0003051758
1:58.5,0.001098633,-0.0004882813,0.0004882813
1:58.6,-0.0002441406,-0.0007324219,0.0004882813
1:58.7,-0.0005493164,6.103516e-05,-0.002380371
1:58.8,0.001098633,0.001098633,0.000793457
1:58.9,0.0002441406,-0.001647949,-0.000793457
1:59.0,-0.0009155273,0.001220703,0.001220703
1:59.1,-0.0004882813,0.0005493164,-0.003417969
1:59.2,0.001098633,0.0004882813,0.001098633
1:59.3,-0.0009155273,-0.002258301,0.002441406
1:59.4,-0.0004882813,0.0008544922,-0.0001831055
1:59.5,-0.001647949,0.0009155273,0.0003662109
1:59.6,0.003051758,-0.0004882813,-0.00189209
1:59.7,-0.0004272461,-0.001831055,0.000793457
1:59.8,-0.0003051758,0.00177002,6.103516e-05
1:59.9,-0.0009765625,-0.0001220703,-0.0005493164
2:0.0,0.0007324219,6.103516e-05,0.0003051758
2:0.1,0.0,0.0,0.0009765625
2:0.2,-0.001098633,0.001586914,-0.0002441406
2:0.3,0.001403809,-0.002563477,-0.0004882813
2:0.4,-0.0006713867,0.001525879,0.001281738
2:0.5,-0.0004882813,0.0001220703,-0.0007324219
2:0.6,-0.0001831055,0.0009155273,0.001159668
2:0.7,0.0009765625,-0.001342773,-0.00213623
2:0.8,-6.103516e-05,0.0003051758,0.0008544922
2:0.9,-0.0006103516,-0.0004272461,-0.0003051758
2:1.0,0.001037598,0.0004272461,0.000793457
2:1.1,0.0003051758,-0.0004272461,-6.103516e-05
2:1.2,-0.0003662109,-0.0006103516,-0.001708984
2:1.3,-0.0003051758,0.0001220703,0.00189209
2:1.4,-0.0003051758,0.0006713867,-0.0003051758
2:1.5,0.0007324219,0.0006103516,-0.001037598
2:1.6,6.103516e-05,-0.0003662109,0.0007324219
2:1.7,-0.00201416,-0.0008544922,0.0005493164
2:1.8,0.002380371,0.0001831055,-0.001342773
2:1.9,0.0,-0.0006103516,0.001159668
2:2.0,-0.001464844,0.0,-0.0008544922
2:2.1,0.0007324219,0.001281738,0.0003662109
2:2.2,-0.0004882813,-0.001037598,-0.001647949
2:2.3,-0.0004272461,0.0,0.002380371
2:2.4,0.0,-0.0006713867,0.001525879
2:2.5,0.001220703,0.001831055,-0.0007324219
2:2.6,-0.0006103516,-0.0008544922,-0.001831055
2:2.7,0.0006103516,0.001586914,0.0007324219
2:2.8,-0.0006103516,-0.002075195,0.001281738
2:2.9,-0.001159668,0.0,-0.0004882813
2:3.0,0.002502441,0.0003051758,-0.0001831055
2:3.1,-0.0004882813,-0.000793457,-0.0008544922
2:3.2,-0.001831055,0.001403809,-6.103516e-05
2:3.3,0.002502441,-0.001586914,0.0008544922
2:3.4,-0.001281738,0.0,-0.002685547
2:3.5,-0.001342773,0.001342773,0.0007324219
2:3.6,0.0001220703,0.0004272461,0.001586914
2:3.7,0.00213623,-0.0006713867,0.001281738
2:3.8,0.0003051758,-0.001342773,-0.001037598
2:3.9,-0.001220703,-0.0001220703,0.0005493164
2:4.0,-0.0001220703,0.00201416,0.0001831055
2:4.1,0.0004882813,-6.103516e-05,-0.001586914
2:4.2,0.0004882813,0.0006713867,0.001708984
2:4.3,-0.0004882813,-0.001159668,-0.001159668
2:4.4,-0.0009765625,0.0006103516,-0.002380371
2:4.5,-6.103516e-05,-0.0008544922,0.003112793
2:4.6,0.001037598,0.0008544922,0.001098633
2:4.7,-0.002380371,-0.0006713867,-0.00189209
2:4.8,0.000793457,-6.103516e-05,-0.0009765625
2:4.9,0.000793457,0.00189209,0.001037598
2:5.0,0.0004882813,-0.003051758,0.0003662109
2:5.1,0.0007324219,0.001464844,-0.0006103516
2:5.2,-0.001953125,0.0007324219,6.103516e-05
2:5.3,0.0009765625,-0.001525879,0.000793457
2:5.4,-0.002197266,-0.0009765625,-0.001647949
2:5.5,0.0006103516,0.001159668,0.003112793
2:5.6,-6.103516e-05,-0.0008544922,-0.003417969
2:5.7,0.0006103516,0.0006713867,0.0008544922
2:5.8,0.001647949,0.0007324219,0.0003662109
2:5.9,-0.001098633,-0.0003051758,-6.103516e-05
2:6.0,0.001708984,0.001647949,0.001037598
2:6.1,-0.001159668,-0.001525879,0.001098633
2:6.2,-0.0006103516,-0.0004272461,-0.0009765625
2:6.3,0.0004272461,-0.0001831055,-0.0006713867
2:6.4,-0.0009765625,0.0009155273,0.0004272461
2:6.5,0.0009155273,0.0009765625,-6.103516e-05
2:6.6,0.0006103516,-0.003051758,0.0001831055
2:6.7,-0.001831055,0.001037598,-0.0008544922
2:6.8,0.001464844,-0.001220703,0.0001831055
2:6.9,0.0008544922,0.001220703,-0.0005493164
2:7.0,-0.001464844,-6.103516e-05,0.001647949
2:7.1,0.0003051758,0.0003051758,-0.0006103516
2:7.2,0.0001220703,-0.0006103516,0.0006103516
2:7.3,-0.0009155273,0.001342773,-0.003356934
2:7.4,0.0,0.0004882813,0.003601074
2:7.5,-0.0002441406,-0.0008544922,0.0004882813
2:7.6,-0.0006103516,-0.0002441406,-0.003479004
2:7.7,0.0009765625,-0.0006103516,0.002868652
2:7.8,0.0,0.0003662109,-0.0006713867
2:7.9,-0.0008544922,0.0009155273,-0.0006103516
2:8.0,0.0004882813,0.0001220703,-0.002075195
2:8.1,0.00177002,-0.001342773,0.002502441
2:8.2,-0.0002441406,0.001098633,0.001586914
2:8.3,-0.001159668,0.0008544922,-0.0009155273
2:8.4,0.0006713867,-0.002929688,-0.001953125
2:8.5,-0.0001831055,0.0005493164,-0.0003051758
2:8.6,-0.0001831055,0.001831055,0.00390625
2:8.7,0.001098633,-0.0001831055,-0.001708984
2:8.8,-0.0001831055,-0.0005493164,-0.0007324219
2:8.9,-0.0001220703,0.0004882813,0.0009155273
2:9.0,0.0006713867,-0.0006103516,0.0008544922
2:9.1,6.103516e-05,0.0,-0.001403809
2:9.2,0.0,0.00201416,0.000793457
2:9.3,0.0009765625,0.0,-0.001037598
2:9.4,0.001159668,-0.002319336,0.0
2:9.5,-0.002441406,0.0008544922,0.004394531
2:9.6,-0.003723145,0.0,0.0006713867
2:9.7,0.004699707,-0.0009765625,0.005371094
2:9.8,-0.006530762,0.001037598,-0.01019287
2:9.9,0.003356934,-0.002746582,0.003417969
2:10.0,0.00567627,0.002685547,0.0
2:10.1,-0.005065918,-0.002807617,-0.006896973
2:10.2,0.003234863,0.001098633,0.004150391
2:10.3,-0.006347656,0.002746582,-0.002685547
2:10.4,0.004150391,-0.004699707,0.002319336
2:10.5,-0.004333496,-0.002685547,-0.004943848
2:10.6,0.002197266,0.005310059,-0.001159668
2:10.7,0.00592041,0.0002441406,0.004516602
2:10.8,-0.004882813,-0.0009155273,0.002075195
2:10.9,-0.003662109,0.0004272461,0.003540039
2:11.0,0.00604248,0.001159668,-0.003234863
2:11.1,0.0001220703,0.00189209,0.007019043
2:11.2,-0.00390625,-0.001586914,-0.0112915
2:11.3,0.002563477,-0.002075195,-0.00189209
2:11.4,-0.0007324219,0.001403809,0.006958008
2:11.5,0.0009155273,-0.0002441406,-0.001403809
2:11.6,-0.001464844,-0.0004272461,-0.00213623
2:11.7,0.0004272461,0.0004272461,0.00177002
2:11.8,-0.0003051758,0.000793457,0.0003662109
2:11.9,0.0001220703,-0.000793457,0.0004272461
2:12.0,6.103516e-05,0.001159668,6.103516e-05
2:12.1,0.0008544922,-0.0003051758,-0.001220703
2:12.2,-0.0001220703,0.0003662109,-0.001037598
2:12.3,-0.001037598,-0.001281738,0.002502441
2:12.4,0.001403809,0.0006103516,-0.002319336
2:12.5,-0.001281738,0.0004272461,0.001831055
2:12.6,0.0003662109,-0.000793457,-0.0003051758
2:12.7,-0.0004272461,-0.0006713867,0.001220703
2:12.8,0.0003662109,-6.103516e-05,-0.002319336
2:12.9,0.0001220703,-0.0007324219,0.0008544922
2:13.0,0.0009155273,0.00177002,-0.0003051758
2:13.1,-0.0009765625,-0.0003662109,0.0
2:13.2,0.0001220703,-0.001281738,0.00177002
2:13.3,0.0008544922,0.001281738,-0.0009155273
2:13.4,-0.000793457,6.103516e-05,0.00213623
2:13.5,0.001586914,-0.0003662109,-0.001708984
2:13.6,-0.001708984,0.0006713867,-0.00177002
2:13.7,-0.0003051758,0.0005493164,0.0003051758
2:13.8,0.0006103516,-0.002197266,0.0003662109
2:13.9,-0.0005493164,0.001281738,0.001525879
2:14.0,0.002502441,0.0,-0.0004272461
2:14.1,-0.002258301,-0.0003051758,-0.0009765625
2:14.2,-0.002258301,-0.0007324219,-0.001037598
2:14.3,0.003662109,0.00213623,0.0009155273
2:14.4,-0.0004882813,-0.00213623,-0.001281738
2:14.5,-0.0001220703,0.002197266,0.002624512
2:14.6,-0.001159668,-0.002685547,-6.103516e-05
2:14.7,0.0003662109,0.001342773,-0.003112793
2:14.8,-6.103516e-05,-0.0009155273,0.002685547
2:14.9,0.002319336,-0.0003662109,-0.001220703
2:15.0,-0.00201416,0.002319336,-6.103516e-05
2:15.1,-6.103516e-05,-0.0003662109,0.001281738
2:15.2,0.0,0.001586914,-0.0007324219
2:15.3,0.0,-0.002441406,-0.001464844
2:15.4,-0.0004882813,-0.001281738,0.002685547
2:15.5,0.0004272461,0.001342773,-0.0005493164
2:15.6,0.001037598,-0.0001831055,0.001525879
2:15.7,-6.103516e-05,-0.0001831055,-0.001281738
2:15.8,-0.001586914,-0.0009155273,0.0002441406
2:15.9,0.00177002,0.0,-0.0005493164
2:16.0,0.001464844,0.001220703,-0.0001831055
2:16.1,-0.002990723,-0.0002441406,-0.001098633
2:16.2,0.001708984,0.001159668,0.0004272461
2:16.3,-0.002929688,-0.001159668,-0.0004882813
2:16.4,0.0003662109,-0.0005493164,0.001953125
2:16.5,-0.0001220703,0.00189209,0.0004272461
2:16.6,0.001831055,-0.002441406,-0.0001220703
2:16.7,-0.002807617,0.001281738,-0.003112793
2:16.8,0.001159668,0.001464844,0.001098633
2:16.9,0.0001220703,-0.001586914,0.001525879
2:17.0,0.0009155273,0.0009765625,0.0009765625
2:17.1,0.0009155273,0.0004272461,-0.0003051758
2:17.2,-0.001159668,-0.0009155273,0.001220703
2:17.3,0.0004272461,-0.0005493164,-0.002441406
2:17.4,-0.0002441406,0.001403809,-0.001098633
2:17.5,0.0005493164,-0.002380371,0.000793457
2:17.6,0.0004882813,0.002197266,-0.0006713867
2:17.7,-0.001403809,-0.002319336,0.00177002
2:17.8,0.001281738,0.00189209,-0.0004882813
2:17.9,0.0003662109,-0.0004882813,0.0004882813
2:18.0,-0.002075195,-0.0007324219,-0.0006713867
2:18.1,0.0001220703,6.103516e-05,-0.000793457
2:18.2,0.0004882813,-0.0001220703,0.001098633
2:18.3,0.002075195,-0.0006103516,-0.0005493164
2:18.4,-0.001953125,0.001281738,0.001403809
2:18.5,0.0,0.0001831055,-0.0004882813
2:18.6,0.0003662109,-0.0001220703,0.0006103516
2:18.7,0.0008544922,6.103516e-05,0.000793457
2:18.8,0.0004882813,-0.0009765625,-0.0006713867
2:18.9,-0.001098633,0.0002441406,-0.002563477
2:19.0,-0.001098633,0.0005493164,0.0001220703
2:19.1,0.001037598,-0.0006103516,0.002441406
2:19.2,-0.0009155273,6.103516e-05,-0.001159668
2:19.3,0.0008544922,0.0001220703,0.0
2:19.4,-0.001831055,-0.0005493164,0.0001831055
2:19.5,0.001098633,0.0004272461,-0.000793457
2:19.6,-0.0004882813,-0.0006713867,-0.0004882813
2:19.7,0.0004272461,0.002258301,0.0001831055
2:19.8,0.001953125,-0.002197266,0.001831055
2:19.9,-0.001525879,0.001159668,-0.0009155273
2:20.0,-0.0007324219,-0.001403809,-0.0001220703
2:20.1,0.00177002,0.001831055,0.002624512
2:20.2,0.0002441406,-0.0007324219,-0.00402832
2:20.3,-0.001647949,-0.0004272461,0.002746582
2:20.4,0.001098633,0.0003662109,-0.00177002
2:20.5,-0.0006103516,0.0005493164,0.0001831055
2:20.6,0.0003051758,-0.0001220703,0.0002441406
2:20.7,-0.0001831055,0.001037598,0.001220703
2:20.8,-0.0003662109,-0.002441406,-0.001037598
2:20.9,0.0003662109,-0.001098633,-0.001586914
2:21.0,0.001647949,0.0009155273,-6.103516e-05
2:21.1,-0.001403809,0.001708984,0.001403809
2:21.2,-0.00189209,-0.0004882813,0.0009155273
2:21.3,0.002380371,-0.0002441406,-0.001159668
2:21.4,-0.0004272461,0.0008544922,0.0004272461
2:21.5,0.0,0.0002441406,-0.001953125
2:21.6,-0.002624512,0.0008544922,0.001464844
2:21.7,0.001953125,-0.0003051758,-0.0004272461
2:21.8,0.001525879,-0.001159668,0.001098633
2:21.9,-0.0003051758,0.0001220703,-0.001098633
2:22.0,-0.001647949,-0.0001831055,0.001220703
2:22.1,0.001281738,-6.103516e-05,0.0004272461
2:22.2,0.0006103516,0.0009155273,0.0002441406
2:22.3,-0.001342773,-0.001342773,-6.103516e-05
2:22.4,0.0006103516,0.0009155273,-0.001159668
2:22.5,-0.0001831055,-0.0004272461,0.00177002
2:22.6,-0.0005493164,-0.001037598,-0.001953125
2:22.7,0.002624512,0.0006713867,-0.0004272461
2:22.8,-0.0009155273,0.0001220703,0.000793457
2:22.9,-0.0002441406,0.0,0.001037598
2:23.0,6.103516e-05,-0.0006103516,-0.002563477
2:23.1,-0.0006713867,0.0005493164,0.002441406
2:23.2,-0.0004272461,0.0006713867,-0.001403809
2:23.3,-0.001403809,-0.001098633,-0.0006713867
2:23.4,-0.0003051758,0.0001831055,0.0003051758
2:23.5,0.001403809,0.0005493164,0.0003051758
2:23.6,-0.001037598,-0.0003051758,0.001037598
2:23.7,0.003051758,0.0003051758,0.001708984
2:23.8,-0.00177002,-0.0002441406,-0.001098633
2:23.9,-0.0004272461,-0.0002441406,-0.0003662109
2:24.0,-0.0009765625,-0.0008544922,0.0004272461
2:24.1,0.002929688,0.0009155273,-0.0005493164
2:24.2,-0.001403809,0.0003051758,0.001525879
2:24.3,0.0003662109,0.0004882813,-0.00189209
2:24.4,-0.0001220703,-6.103516e-05,0.001464844
2:24.5,0.0007324219,-0.0001220703,-0.001586914
2:24.6,-0.0003051758,-0.000793457,-0.0001831055
2:24.7,0.001037598,-0.0004272461,0.0003662109
2:24.8,-0.001953125,0.001281738,-0.0001831055
2:24.9,0.0,0.0004272461,-0.001098633
2:25.0,0.0001831055,-0.000793457,0.0
2:25.1,-0.001708984,-0.0004272461,0.003112793
2:25.2,0.0007324219,-0.0003051758,-0.001037598
2:25.3,0.0001831055,-0.0005493164,-0.001586914
2:25.4,0.0003051758,0.001220703,0.0008544922
2:25.5,-0.001037598,0.0005493164,-0.0001831055
2:25.6,0.0,0.0,0.001220703
2:25.7,0.002868652,0.0003051758,0.0002441406
2:25.8,-0.001220703,0.0007324219,0.001098633
2:25.9,-0.0006713867,-0.001464844,-0.001708984
2:26.0,-0.001037598,-0.0006713867,0.0001220703
2:26.1,0.00177002,0.0005493164,-0.0004272461
2:26.2,-0.0009155273,-0.001220703,-0.0004882813
2:26.3,-0.0001831055,0.001953125,0.0007324219
2:26.4,0.002075195,6.103516e-05,0.001403809
2:26.5,0.0001831055,-0.0004882813,-0.002319336
2:26.6,-0.001342773,-0.0006713867,0.001220703
2:26.7,-0.0008544922,0.001281738,-0.003295898
2:26.8,-0.0005493164,-0.0004272461,0.002380371
2:26.9,0.001037598,0.0003662109,-0.0004882813
2:27.0,0.00213623,0.0,0.0005493164
2:27.1,-0.0007324219,-0.0001220703,0.0005493164
2:27.2,-0.0005493164,0.0,-0.0003662109
2:27.3,-0.001708984,-0.001098633,0.0005493164
2:27.4,0.0006103516,6.103516e-05,0.0
2:27.5,0.0009155273,-0.0004882813,-0.0008544922
2:27.6,-0.002380371,0.001953125,-0.0003051758
2:27.7,0.002624512,-0.0005493164,0.00201416
2:27.8,0.0001831055,0.0006103516,0.0009155273
2:27.9,0.0003051758,-0.001525879,-0.002624512
2:28.0,-0.001098633,0.0007324219,0.0009765625
2:28.1,-0.001037598,0.001037598,-0.0008544922
2:28.2,-0.001953125,-0.000793457,0.001464844
2:28.3,0.002563477,0.0003051758,-0.002868652
2:28.4,-0.0001220703,-0.00189209,0.001464844
2:28.5,0.001525879,0.0004882813,0.0004272461
2:28.6,0.001281738,0.001525879,-0.0004272461
2:28.7,-0.001953125,-0.0006713867,0.001220703
2:28.8,0.0001831055,-0.001281738,-0.001831055
2:28.9,-0.0001831055,0.0005493164,0.001464844
2:29.0,-0.001342773,0.000793457,0.0006103516
2:29.1,0.001525879,-0.001342773,-0.002624512
2:29.2,-0.0003662109,0.0008544922,0.002441406
2:29.3,0.0004882813,-0.001342773,-0.002624512
2:29.4,-0.0003051758,0.001586914,0.0001220703
2:29.5,-0.001403809,-0.0009155273,0.0003662109
2:29.6,0.001403809,0.0,0.0006713867
2:29.7,-0.0001831055,0.001159668,0.0005493164
2:29.8,-0.000793457,-0.0007324219,0.0001831055
2:29.9,-0.0008544922,0.0006713867,-0.001831055
2:30.0,0.002746582,-6.103516e-05,-0.0003662109
2:30.1,-0.003540039,-0.001342773,0.0008544922
2:30.2,0.001953125,0.0003051758,0.001037598
2:30.3,0.0005493164,6.103516e-05,-0.0004272461
2:30.4,0.0001220703,-0.0004882813,0.001342773
2:30.5,0.0009155273,0.000793457,0.0006103516
2:30.6,-0.001403809,-6.103516e-05,-6.103516e-05
2:30.7,0.001098633,0.0002441406,0.000793457
2:30.8,-0.001342773,-0.001403809,-0.001220703
2:30.9,0.0007324219,0.00201416,-0.00213623
2:31.0,-0.0004272461,0.000793457,0.001525879
2:31.1,0.0003051758,6.103516e-05,0.0001831055
2:31.2,-0.0003051758,-0.002319336,6.103516e-05
2:31.3,-0.0009155273,0.0009765625,-0.0004272461
2:31.4,0.001647949,-0.0004272461,0.0005493164
2:31.5,-0.0004272461,0.001281738,-0.0004272461
2:31.6,-0.0008544922,-0.000793457,6.103516e-05
2:31.7,-0.0003662109,-0.0004882813,-0.001220703
2:31.8,0.001708984,0.0,0.0009155273
2:31.9,-0.000793457,0.0001831055,0.0009155273
2:32.0,-0.002624512,-0.001403809,0.0006713867
2:32.1,0.003601074,0.00189209,-0.001464844
2:32.2,-6.103516e-05,0.0005493164,-0.001647949
2:32.3,-0.001708984,-0.001953125,-0.0009155273
2:32.4,0.001586914,0.001403809,0.001342773
2:32.5,0.0005493164,0.0003662109,-0.0006713867
2:32.6,-0.000793457,-0.000793457,0.002258301
2:32.7,-0.001708984,-0.0007324219,-0.0004882813
2:32.8,0.001647949,-0.001037598,0.0004882813
2:32.9,0.0009155273,0.002624512,-0.0006103516
2:33.0,-0.00213623,-0.0006713867,0.001342773
2:33.1,0.001586914,-0.001037598,-0.0007324219
2:33.2,0.001037598,0.001342773,-0.0003662109
2:33.3,-0.002990723,-0.0006103516,0.00201416
2:33.4,-0.0002441406,0.001037598,-0.001708984
2:33.5,0.0006713867,-0.001464844,0.001647949
2:33.6,0.0007324219,0.0003051758,-0.002563477
2:33.7,0.0004882813,0.0009155273,0.001831055
2:33.8,0.0002441406,-0.000793457,0.0006713867
2:33.9,-0.001098633,0.0001831055,-0.001281738
2:34.0,0.0004272461,0.000793457,-0.0005493164
2:34.1,0.0005493164,-0.000793457,0.002197266
2:34.2,-0.001647949,-0.0001220703,-0.002197266
2:34.3,0.001953125,0.0005493164,0.0004272461
2:34.4,0.0009155273,0.001403809,-0.0004272461
2:34.5,-0.001647949,-0.003112793,0.0001220703
2:34.6,0.0008544922,0.0007324219,0.0006103516
2:34.7,-0.001647949,0.001342773,0.0002441406
2:34.8,0.0005493164,0.0002441406,-0.001037598
2:34.9,0.001403809,0.0009765625,0.0
2:35.0,-0.001953125,-0.00213623,0.002258301
2:35.1,0.002807617,0.0009155273,-0.002319336
2:35.2,-0.002075195,-0.0003051758,-0.0007324219
2:35.3,6.103516e-05,0.0,6.103516e-05
2:35.4,-0.001159668,-0.001281738,0.0005493164
2:35.5,0.0003051758,0.00201416,0.0008544922
2:35.6,0.0007324219,-0.00177002,-0.001647949
2:35.7,-0.001098633,0.0001220703,0.001220703
2:35.8,0.0007324219,0.0002441406,0.0001831055
2:35.9,0.0003051758,-0.001525879,-0.002319336
2:36.0,-0.0004272461,6.103516e-05,0.001098633
2:36.1,0.001403809,0.00177002,0.001342773
2:36.2,-0.0007324219,0.0,0.001831055
2:36.3,0.0006103516,0.0007324219,-0.0009765625
2:36.4,-0.002075195,-0.00213623,-0.001525879
2:36.5,0.0,0.0009765625,-0.0003051758
2:36.6,0.001647949,-0.00201416,0.003601074
2:36.7,-0.0001220703,0.002685547,-0.005126953
2:36.8,0.0004272461,-0.0009155273,0.003234863
2:36.9,0.0002441406,-0.0009155273,0.0006103516
2:37.0,-0.0009765625,0.001037598,-0.003234863
2:37.1,0.0007324219,0.0009155273,0.002380371
2:37.2,-0.001098633,0.0004882813,-0.0004882813
2:37.3,-0.0004882813,-0.002075195,0.0
2:37.4,0.0006103516,0.0009155273,0.0003662109
2:37.5,0.0003662109,-0.0001831055,-0.0008544922
2:37.6,-0.0007324219,0.0002441406,0.001037598
2:37.7,0.0,-0.0003662109,-0.001831055
2:37.8,-0.001525879,-0.001525879,0.00213623
2:37.9,0.0001831055,0.001586914,-0.001098633
2:38.0,0.002807617,0.0003662109,-0.0009765625
2:38.1,-0.001708984,-0.001342773,0.002075195
2:38.2,0.0007324219,6.103516e-05,-0.0001220703
2:38.3,-0.0001831055,0.0009155273,6.103516e-05
2:38.4,0.0,0.0009155273,-0.001586914
2:38.5,0.001098633,-0.001647949,0.0001831055
2:38.6,-0.0005493164,0.0007324219,0.001159668
2:38.7,0.0007324219,0.001464844,-0.0003051758
2:38.8,-0.001708984,-0.001953125,-0.0008544922
2:38.9,0.0003051758,0.0006713867,-0.0001220703
2:39.0,-0.0001220703,0.0006103516,0.002319336
2:39.1,0.0,0.0006103516,-0.001159668
2:39.2,-0.001403809,-0.001098633,0.0006103516
2:39.3,0.0009155273,0.001403809,-0.0006713867
2:39.4,0.001831055,-0.001159668,0.001220703
2:39.5,-0.0003051758,-0.0002441406,-0.00177002
2:39.6,-0.001342773,-0.0004272461,-0.0003051758
2:39.7,0.00201416,-0.0002441406,0.000793457
2:39.8,-0.001281738,0.001098633,-0.0003662109
2:39.9,0.001098633,-0.000793457,0.0002441406
2:40.0,-6.103516e-05,0.002075195,0.0009765625
2:40.1,-0.001098633,-0.0003662109,-0.001281738
2:40.2,0.00177002,-0.00177002,-0.00213623
2:40.3,-0.001098633,0.001342773,0.0005493164
2:40.4,-0.001586914,-0.001586914,0.002258301
2:40.5,0.0009765625,0.0007324219,-0.0003662109
2:40.6,-0.0008544922,0.0001831055,0.0001831055
2:40.7,0.001953125,-0.001098633,-0.0008544922
2:40.8,-0.0006713867,0.001403809,-0.0001220703
2:40.9,-0.002075195,-0.0009155273,-0.0009765625
2:41.0,0.001220703,0.0002441406,0.002075195
2:41.1,0.0,0.0003662109,0.0002441406
2:41.2,0.001098633,6.103516e-05,-0.002075195
2:41.3,-0.001403809,0.001037598,0.001831055
2:41.4,0.0001831055,-0.00213623,-0.0002441406
2:41.5,6.103516e-05,-0.0004272461,-0.0002441406
2:41.6,-0.0001220703,-0.0003662109,-0.0004882813
2:41.7,0.0001220703,0.0004272461,0.0006713867
2:41.8,-0.001525879,0.0009155273,0.0006103516
2:41.9,0.0006713867,-0.0006713867,-0.0006103516
2:42.0,0.0009155273,0.0001831055,-0.0001831055
2:42.1,-0.002380371,-0.0002441406,-0.0009765625
2:42.2,0.004394531,0.001953125,-0.0002441406
2:42.3,-0.003112793,-0.001525879,0.001403809
2:42.4,0.001464844,0.0003051758,-0.001098633
2:42.5,-0.001525879,0.0004882813,0.002624512
2:42.6,0.001098633,-0.001159668,-0.003295898
2:42.7,0.001403809,0.001281738,0.002929688
2:42.8,-0.0007324219,-0.001220703,-0.00189209
2:42.9,0.0001220703,0.001586914,-0.0003051758
2:43.0,0.0001831055,-0.002502441,0.003540039
2:43.1,0.0003662109,0.00213623,-0.002929688
2:43.2,-0.0009765625,-0.001037598,-0.0003051758
2:43.3,-6.103516e-05,0.0001831055,0.0005493164
2:43.4,-0.0004882813,-0.0004882813,0.0001831055
2:43.5,0.001403809,0.0006713867,-0.0006103516
2:43.6,0.0001220703,0.0001220703,0.000793457
2:43.7,-0.001342773,-0.0009765625,-0.001403809
2:43.8,-0.0005493164,-0.0009155273,0.001831055
2:43.9,-0.0004272461,0.001525879,-0.0001220703
2:44.0,0.001953125,0.0003051758,-0.001098633
2:44.1,-6.103516e-05,-0.0004272461,0.0003051758
2:44.2,0.0,0.0001831055,0.001281738
2:44.3,-0.001342773,-0.0003051758,-0.00201416
2:44.4,0.000793457,-0.0001220703,0.0009765625
2:44.5,-0.0009765625,0.0006103516,0.0007324219
2:44.6,0.001647949,-0.0002441406,-0.0003051758
2:44.7,-0.00213623,-0.00213623,-0.000793457
2:44.8,0.001525879,0.004516602,0.0001220703
2:44.9,-0.0001831055,-0.003540039,0.000793457
2:45.0,-0.0004272461,0.0006713867,-6.103516e-05
2:45.1,0.002441406,0.0006103516,-0.0004882813
2:45.2,-0.00402832,-0.0009155273,-0.001220703
2:45.3,0.002990723,0.001403809,0.001037598
2:45.4,-0.0009765625,-0.001098633,-0.001403809
2:45.5,0.001159668,0.0006103516,0.001953125
2:45.6,-0.0009155273,-0.000793457,-0.001281738
2:45.7,-0.0001831055,0.00213623,0.003295898
2:45.8,0.001464844,-0.001281738,-0.001403809
2:45.9,-0.002868652,-0.001342773,-0.00201416
2:46.0,0.002197266,0.00201416,0.001953125
2:46.1,-0.0003662109,-0.0004272461,-0.002197266
2:46.2,-0.001708984,0.0002441406,0.002258301
2:46.3,0.001464844,-6.103516e-05,0.001342773
2:46.4,-0.002258301,0.0,-0.003173828
2:46.5,0.002197266,-0.0003662109,0.001159668
2:46.6,0.001831055,-0.00177002,-0.002868652
2:46.7,-0.002563477,-0.0001220703,0.00201416
2:46.8,0.001831055,0.002624512,0.0004882813
2:46.9,-0.001342773,-0.001586914,0.001220703
2:47.0,-0.0005493164,0.001159668,-0.0008544922
2:47.1,0.0009155273,-0.0003662109,-0.0008544922
2:47.2,-0.0008544922,0.001220703,0.001464844
2:47.3,-0.001586914,-0.001647949,0.0006713867
2:47.4,0.002319336,0.00177002,-0.0009155273
2:47.5,-0.00189209,-0.001525879,-0.001342773
2:47.6,0.001953125,-0.0002441406,-0.0001831055
2:47.7,-0.0003051758,-6.103516e-05,0.001953125
2:47.8,-0.001220703,-0.0003051758,-0.001342773
2:47.9,0.0009155273,-0.001220703,-0.002075195
2:48.0,0.0002441406,0.002929688,0.003540039
2:48.1,0.001037598,-0.0002441406,-0.00213623
2:48.2,-0.001159668,-0.001586914,0.00177002
2:48.3,0.0006713867,0.0,-0.0006713867
2:48.4,-0.00177002,-0.001220703,-0.001342773
2:48.5,0.0004882813,0.0004272461,0.0004882813
2:48.6,0.0003662109,0.001281738,0.001342773
2:48.7,0.0002441406,0.0,-0.0003051758
2:48.8,-0.0004882813,-0.0005493164,-0.0003051758
2:48.9,0.0005493164,0.001342773,0.0004882813
2:49.0,0.0007324219,0.0003662109,-0.001098633
2:49.1,-0.001525879,-0.0009155273,-0.0001831055
2:49.2,0.0006713867,-0.0005493164,0.000793457
2:49.3,0.001220703,0.0002441406,-0.0004882813
2:49.4,0.001220703,6.103516e-05,0.0002441406
2:49.5,0.0,0.001342773,0.0001831055
2:49.6,-0.001220703,0.0,0.002502441
2:49.7,0.001525879,0.001159668,0.0
2:49.8,-0.004394531,-0.004089355,-0.009399414
2:49.9,0.003356934,0.001159668,0.006652832
2:50.0,-0.002258301,0.001525879,0.0004272461
2:50.1,0.00177002,-0.000793457,0.0001831055
2:50.2,-0.001159668,-0.0003051758,-0.001220703
2:50.3,0.0003051758,0.0001831055,0.0009155273
2:50.4,0.0001831055,-0.001220703,0.0004272461
2:50.5,0.001281738,0.0002441406,-0.00213623
2:50.6,-0.002807617,0.0004272461,0.001403809
2:50.7,0.001831055,-6.103516e-05,0.001464844
2:50.8,-0.0002441406,0.0002441406,-0.001220703
2:50.9,0.0,0.0,0.003356934
2:51.0,0.0003662109,0.001098633,-0.002868652
2:51.1,-0.002441406,-0.002197266,-0.0009765625
2:51.2,0.002624512,0.001831055,0.001647949
2:51.3,-0.001159668,-0.0003051758,0.001403809
2:51.4,0.0001831055,-0.0004882813,-0.001586914
2:51.5,0.0003051758,-6.103516e-05,0.0003662109
2:51.6,0.0,0.001464844,-0.001708984
2:51.7,-0.0007324219,-0.0001220703,0.002624512
2:51.8,0.001220703,-0.001403809,-0.001586914
2:51.9,-0.0009155273,0.001220703,-0.001586914
2:52.0,-0.0006713867,-0.0004272461,0.001525879
2:52.1,0.000793457,-0.001037598,-0.0001831055
2:52.2,0.0003662109,0.002746582,-0.002258301
2:52.3,0.0003662109,-0.003479004,0.00201416
2:52.4,-0.0002441406,0.001708984,0.000793457
2:52.5,-0.0001220703,-0.0003662109,-0.001037598
2:52.6,-0.0001831055,-0.0004272461,0.0004882813
2:52.7,-0.0003662109,-6.103516e-05,0.001464844
2:52.8,-0.0001831055,0.0006713867,-0.001647949
2:52.9,6.103516e-05,-0.0001831055,0.001953125
2:53.0,0.0009765625,0.0008544922,-0.003112793
2:53.1,-0.0007324219,-0.001953125,0.001953125
2:53.2,0.0003662109,0.0006713867,-0.002258301
2:53.3,-0.0003662109,0.001953125,0.001708984
2:53.4,-0.0005493164,-0.001708984,-0.0004882813
2:53.5,0.0006713867,0.0005493164,-0.0001831055
2:53.6,-0.0008544922,0.0004272461,-6.103516e-05
2:53.7,0.0006103516,-0.001342773,-0.0005493164
2:53.8,0.0006713867,0.0006713867,0.0003051758
2:53.9,0.0002441406,-0.0001220703,-0.0009155273
2:54.0,0.0,-0.0006103516,0.003051758
2:54.1,0.0001831055,-0.000793457,-0.001708984
2:54.2,-0.0007324219,0.001403809,0.0
2:54.3,0.0001220703,-0.0009155273,-0.0001831055
2:54.4,0.0,0.001159668,0.002990723
2:54.5,0.0007324219,-0.0009765625,-0.003112793
2:54.6,-0.002075195,0.000793457,-0.0002441406
2:54.7,-0.0003662109,-6.103516e-05,0.003112793
2:54.8,0.001953125,0.0004272461,-0.004150391
2:54.9,-0.0004882813,0.0001831055,0.001525879
2:55.0,-0.0004882813,0.0004882813,0.0001831055
2:55.1,0.0006713867,-0.00201416,0.001098633
2:55.2,0.0,0.002441406,0.0003051758
2:55.3,-0.0003662109,-0.001464844,-0.0001831055
2:55.4,-0.0001220703,-0.0006713867,-0.001037598
2:55.5,-0.001037598,0.0006103516,0.0004272461
2:55.6,0.002624512,0.0007324219,-0.001586914
2:55.7,0.0009155273,-0.00177002,0.001831055
2:55.8,-0.002807617,0.0006713867,0.0003662109
2:55.9,0.002258301,0.0004272461,0.0001220703
2:56.0,-0.00201416,0.0003051758,-0.0004272461
2:56.1,0.0003051758,0.0005493164,-0.001037598
2:56.2,-0.0009155273,-0.001953125,0.001098633
2:56.3,0.0008544922,0.0003662109,-0.0002441406
2:56.4,0.001342773,0.0003662109,-6.103516e-05
2:56.5,-0.002990723,0.0005493164,0.0001831055
2:56.6,0.000793457,-0.00201416,-0.0003051758
2:56.7,0.0007324219,0.001281738,-0.0008544922
2:56.8,-6.103516e-05,0.001281738,0.002075195
2:56.9,0.002380371,-0.002075195,-0.001159668
2:57.0,-0.002807617,0.001159668,-0.0001220703
2:57.1,-0.001037598,0.001464844,-0.001647949
2:57.2,0.0003051758,-0.0007324219,0.0006103516
2:57.3,0.0007324219,-0.0009765625,-0.0003662109
2:57.4,0.001098633,-0.0009765625,0.001403809
2:57.5,-0.0002441406,0.0001220703,-0.0001220703
2:57.6,-0.001586914,0.0003662109,-0.001281738
2:57.7,0.001342773,0.001098633,0.004577637
2:57.8,-0.001098633,0.0004272461,-0.003662109
